Time, Grain_0, Grain_1, Grain_2, Grain_3, Grain_4, Grain_5, Grain_6, Grain_7, Grain_8, Grain_9, Grain_10, Grain_11, Grain_12, Grain_13, Grain_14, Grain_15
0, 1.000000e+08, 1.000000e+08, 1.000000e+08, 1.000000e+08, 1.000000e+08, 1.000000e+08, 1.000000e+08, 1.000000e+08, 1.000000e+08, 1.000000e+08, 1.000000e+08, 1.000000e+08, 1.000000e+08, 1.000000e+08, 1.000000e+08
0.0001, 1.000000e+08, 1.000000e+08, 1.000000e+08, 1.000000e+08, 1.000000e+08, 1.000000e+08, 1.000000e+08, 1.000000e+08, 1.000000e+08, 1.000000e+08, 1.000000e+08, 1.000000e+08, 1.000000e+08, 1.000000e+08, 1.000000e+08
0.0002, 1.000000e+08, 1.000000e+08, 1.000000e+08, 1.000000e+08, 1.000000e+08, 1.000000e+08, 1.000000e+08, 1.000000e+08, 1.000000e+08, 1.000000e+08, 1.000000e+08, 1.000000e+08, 1.000000e+08, 1.000000e+08, 1.000000e+08
0.0003, 1.000000e+08, 1.000000e+08, 1.000000e+08, 1.000000e+08, 1.000000e+08, 1.000000e+08, 1.000000e+08, 1.000000e+08, 1.000000e+08, 1.000000e+08, 1.000000e+08, 1.000000e+08, 1.000000e+08, 1.000000e+08, 1.000000e+08
0.0004, 1.000000e+08, 1.000000e+08, 1.000000e+08, 1.000000e+08, 1.000000e+08, 1.000000e+08, 1.000000e+08, 1.000000e+08, 1.000000e+08, 1.000000e+08, 1.000000e+08, 1.000000e+08, 1.000000e+08, 1.000000e+08, 1.000000e+08
0.0005, 1.000000e+08, 1.000000e+08, 1.000000e+08, 1.000000e+08, 1.000000e+08, 1.000000e+08, 1.000000e+08, 1.000000e+08, 1.000000e+08, 1.000000e+08, 1.000000e+08, 1.000000e+08, 1.000000e+08, 1.000000e+08, 1.000000e+08
0.0006, 1.000000e+08, 1.000000e+08, 1.000000e+08, 1.000000e+08, 1.000000e+08, 1.000000e+08, 1.000000e+08, 1.000000e+08, 1.000000e+08, 1.000000e+08, 1.000000e+08, 1.000000e+08, 1.000000e+08, 1.000000e+08, 1.000000e+08
0.0007, 1.000000e+08, 1.000001e+08, 1.000000e+08, 1.000001e+08, 1.000000e+08, 1.000000e+08, 1.000000e+08, 1.000001e+08, 1.000001e+08, 1.000002e+08, 1.000001e+08, 1.000000e+08, 1.000001e+08, 1.000000e+08, 1.000000e+08
0.0008, 1.000002e+08, 1.000003e+08, 1.000001e+08, 1.000003e+08, 1.000002e+08, 1.000001e+08, 1.000001e+08, 1.000002e+08, 1.000003e+08, 1.000010e+08, 1.000004e+08, 1.000001e+08, 1.000003e+08, 1.000001e+08, 1.000001e+08
0.0009, 1.000007e+08, 1.000009e+08, 1.000003e+08, 1.000011e+08, 1.000006e+08, 1.000004e+08, 1.000003e+08, 1.000008e+08, 1.000010e+08, 1.000036e+08, 1.000013e+08, 1.000004e+08, 1.000011e+08, 1.000002e+08, 1.000005e+08
0.001, 1.000021e+08, 1.000030e+08, 1.000010e+08, 1.000035e+08, 1.000020e+08, 1.000012e+08, 1.000008e+08, 1.000027e+08, 1.000031e+08, 1.000112e+08, 1.000042e+08, 1.000012e+08, 1.000036e+08, 1.000006e+08, 1.000015e+08
0.0011, 1.000058e+08, 1.000084e+08, 1.000029e+08, 1.000099e+08, 1.000055e+08, 1.000033e+08, 1.000023e+08, 1.000075e+08, 1.000086e+08, 1.000305e+08, 1.000117e+08, 1.000034e+08, 1.000100e+08, 1.000018e+08, 1.000043e+08
0.0012, 1.000143e+08, 1.000208e+08, 1.000074e+08, 1.000246e+08, 1.000136e+08, 1.000083e+08, 1.000059e+08, 1.000186e+08, 1.000217e+08, 1.000717e+08, 1.000291e+08, 1.000087e+08, 1.000244e+08, 1.000045e+08, 1.000107e+08
0.0013, 1.000313e+08, 1.000456e+08, 1.000166e+08, 1.000548e+08, 1.000296e+08, 1.000189e+08, 1.000133e+08, 1.000407e+08, 1.000486e+08, 1.001452e+08, 1.000638e+08, 1.000199e+08, 1.000523e+08, 1.000105e+08, 1.000237e+08
0.0014, 1.000603e+08, 1.000885e+08, 1.000331e+08, 1.001085e+08, 1.000569e+08, 1.000384e+08, 1.000267e+08, 1.000782e+08, 1.000973e+08, 1.002537e+08, 1.001228e+08, 1.000406e+08, 1.000982e+08, 1.000218e+08, 1.000466e+08
0.0015, 1.001031e+08, 1.001532e+08, 1.000592e+08, 1.001922e+08, 1.000970e+08, 1.000701e+08, 1.000479e+08, 1.001329e+08, 1.001744e+08, 1.003909e+08, 1.002084e+08, 1.000741e+08, 1.001632e+08, 1.000412e+08, 1.000820e+08
0.0016, 1.001587e+08, 1.002393e+08, 1.000955e+08, 1.003069e+08, 1.001491e+08, 1.001159e+08, 1.000772e+08, 1.002027e+08, 1.002815e+08, 1.005467e+08, 1.003170e+08, 1.001215e+08, 1.002442e+08, 1.000707e+08, 1.001301e+08
0.0017, 1.002247e+08, 1.003437e+08, 1.001411e+08, 1.004478e+08, 1.002104e+08, 1.001758e+08, 1.001135e+08, 1.002833e+08, 1.004146e+08, 1.007129e+08, 1.004413e+08, 1.001810e+08, 1.003370e+08, 1.001114e+08, 1.001897e+08
0.0018, 1.002985e+08, 1.004616e+08, 1.001940e+08, 1.006073e+08, 1.002779e+08, 1.002484e+08, 1.001554e+08, 1.003706e+08, 1.005672e+08, 1.008843e+08, 1.005751e+08, 1.002494e+08, 1.004371e+08, 1.001630e+08, 1.002584e+08
0.0019, 1.003780e+08, 1.005889e+08, 1.002524e+08, 1.007786e+08, 1.003490e+08, 1.003319e+08, 1.002015e+08, 1.004617e+08, 1.007327e+08, 1.010579e+08, 1.007139e+08, 1.003238e+08, 1.005416e+08, 1.002247e+08, 1.003341e+08
0.002, 1.004619e+08, 1.007224e+08, 1.003150e+08, 1.009564e+08, 1.004221e+08, 1.004245e+08, 1.002506e+08, 1.005552e+08, 1.009066e+08, 1.012321e+08, 1.008552e+08, 1.004016e+08, 1.006487e+08, 1.002950e+08, 1.004148e+08
0.0021, 1.005492e+08, 1.008599e+08, 1.003808e+08, 1.011376e+08, 1.004962e+08, 1.005247e+08, 1.003022e+08, 1.006502e+08, 1.010856e+08, 1.014064e+08, 1.009976e+08, 1.004814e+08, 1.007574e+08, 1.003728e+08, 1.004993e+08
0.0022, 1.006391e+08, 1.010000e+08, 1.004493e+08, 1.013202e+08, 1.005705e+08, 1.006313e+08, 1.003558e+08, 1.007465e+08, 1.012678e+08, 1.015802e+08, 1.011405e+08, 1.005625e+08, 1.008672e+08, 1.004567e+08, 1.005865e+08
0.0023, 1.007313e+08, 1.011417e+08, 1.005201e+08, 1.015033e+08, 1.006450e+08, 1.007434e+08, 1.004112e+08, 1.008441e+08, 1.014522e+08, 1.017534e+08, 1.012836e+08, 1.006444e+08, 1.009780e+08, 1.005455e+08, 1.006758e+08
0.0024, 1.008253e+08, 1.012845e+08, 1.005930e+08, 1.016862e+08, 1.007193e+08, 1.008602e+08, 1.004684e+08, 1.009431e+08, 1.016378e+08, 1.019262e+08, 1.014267e+08, 1.007268e+08, 1.010897e+08, 1.006385e+08, 1.007665e+08
0.0025, 1.009208e+08, 1.014278e+08, 1.006678e+08, 1.018687e+08, 1.007934e+08, 1.009811e+08, 1.005271e+08, 1.010434e+08, 1.018244e+08, 1.020984e+08, 1.015698e+08, 1.008097e+08, 1.012027e+08, 1.007348e+08, 1.008585e+08
0.0026, 1.010177e+08, 1.015715e+08, 1.007445e+08, 1.020506e+08, 1.008673e+08, 1.011054e+08, 1.005874e+08, 1.011450e+08, 1.020114e+08, 1.022701e+08, 1.017130e+08, 1.008929e+08, 1.013170e+08, 1.008338e+08, 1.009513e+08
0.0027, 1.011158e+08, 1.017152e+08, 1.008230e+08, 1.022318e+08, 1.009411e+08, 1.012327e+08, 1.006492e+08, 1.012479e+08, 1.021988e+08, 1.024414e+08, 1.018562e+08, 1.009766e+08, 1.014331e+08, 1.009351e+08, 1.010448e+08
0.0028, 1.012149e+08, 1.018590e+08, 1.009032e+08, 1.024123e+08, 1.010146e+08, 1.013625e+08, 1.007124e+08, 1.013520e+08, 1.023863e+08, 1.026122e+08, 1.019996e+08, 1.010606e+08, 1.015514e+08, 1.010384e+08, 1.011389e+08
0.0029, 1.013150e+08, 1.020027e+08, 1.009850e+08, 1.025921e+08, 1.010880e+08, 1.014945e+08, 1.007768e+08, 1.014573e+08, 1.025737e+08, 1.027828e+08, 1.021431e+08, 1.011450e+08, 1.016723e+08, 1.011432e+08, 1.012335e+08
0.003, 1.014160e+08, 1.021463e+08, 1.010683e+08, 1.027713e+08, 1.011613e+08, 1.016282e+08, 1.008424e+08, 1.015636e+08, 1.027611e+08, 1.029529e+08, 1.022868e+08, 1.012298e+08, 1.017963e+08, 1.012494e+08, 1.013284e+08
0.0031, 1.015178e+08, 1.022897e+08, 1.011530e+08, 1.029498e+08, 1.012345e+08, 1.017633e+08, 1.009091e+08, 1.016707e+08, 1.029483e+08, 1.031228e+08, 1.024307e+08, 1.013149e+08, 1.019235e+08, 1.013569e+08, 1.014237e+08
0.0032, 1.016204e+08, 1.024328e+08, 1.012390e+08, 1.031277e+08, 1.013077e+08, 1.018996e+08, 1.009768e+08, 1.017786e+08, 1.031352e+08, 1.032925e+08, 1.025750e+08, 1.014005e+08, 1.020542e+08, 1.014653e+08, 1.015193e+08
0.0033, 1.017236e+08, 1.025758e+08, 1.013263e+08, 1.033050e+08, 1.013808e+08, 1.020370e+08, 1.010453e+08, 1.018872e+08, 1.033218e+08, 1.034618e+08, 1.027196e+08, 1.014864e+08, 1.021883e+08, 1.015746e+08, 1.016151e+08
0.0034, 1.018275e+08, 1.027185e+08, 1.014146e+08, 1.034819e+08, 1.014539e+08, 1.021751e+08, 1.011147e+08, 1.019964e+08, 1.035081e+08, 1.036310e+08, 1.028646e+08, 1.015728e+08, 1.023256e+08, 1.016847e+08, 1.017111e+08
0.0035, 1.019320e+08, 1.028609e+08, 1.015041e+08, 1.036582e+08, 1.015270e+08, 1.023139e+08, 1.011848e+08, 1.021060e+08, 1.036940e+08, 1.037999e+08, 1.030100e+08, 1.016595e+08, 1.024658e+08, 1.017956e+08, 1.018074e+08
0.0036, 1.020371e+08, 1.030031e+08, 1.015945e+08, 1.038340e+08, 1.016002e+08, 1.024533e+08, 1.012555e+08, 1.022160e+08, 1.038795e+08, 1.039687e+08, 1.031558e+08, 1.017466e+08, 1.026085e+08, 1.019071e+08, 1.019039e+08
0.0037, 1.021427e+08, 1.031449e+08, 1.016858e+08, 1.040094e+08, 1.016734e+08, 1.025932e+08, 1.013268e+08, 1.023263e+08, 1.040646e+08, 1.041373e+08, 1.033021e+08, 1.018341e+08, 1.027535e+08, 1.020192e+08, 1.020006e+08
0.0038, 1.022488e+08, 1.032864e+08, 1.017780e+08, 1.041844e+08, 1.017467e+08, 1.027334e+08, 1.013987e+08, 1.024369e+08, 1.042493e+08, 1.043057e+08, 1.034488e+08, 1.019219e+08, 1.029004e+08, 1.021318e+08, 1.020975e+08
0.0039, 1.023554e+08, 1.034275e+08, 1.018709e+08, 1.043589e+08, 1.018202e+08, 1.028739e+08, 1.014711e+08, 1.025477e+08, 1.044336e+08, 1.044740e+08, 1.035961e+08, 1.020100e+08, 1.030489e+08, 1.022450e+08, 1.021946e+08
0.004, 1.024625e+08, 1.035683e+08, 1.019646e+08, 1.045331e+08, 1.018937e+08, 1.030146e+08, 1.015440e+08, 1.026588e+08, 1.046174e+08, 1.046421e+08, 1.037437e+08, 1.020985e+08, 1.031987e+08, 1.023586e+08, 1.022918e+08
0.0041, 1.025699e+08, 1.037088e+08, 1.020589e+08, 1.047068e+08, 1.019673e+08, 1.031555e+08, 1.016174e+08, 1.027699e+08, 1.048009e+08, 1.048101e+08, 1.038918e+08, 1.021872e+08, 1.033496e+08, 1.024726e+08, 1.023893e+08
0.0042, 1.026778e+08, 1.038489e+08, 1.021539e+08, 1.048801e+08, 1.020411e+08, 1.032966e+08, 1.016911e+08, 1.028812e+08, 1.049840e+08, 1.049780e+08, 1.040404e+08, 1.022762e+08, 1.035015e+08, 1.025871e+08, 1.024869e+08
0.0043, 1.027861e+08, 1.039887e+08, 1.022495e+08, 1.050531e+08, 1.021151e+08, 1.034378e+08, 1.017653e+08, 1.029927e+08, 1.051667e+08, 1.051457e+08, 1.041893e+08, 1.023654e+08, 1.036542e+08, 1.027020e+08, 1.025847e+08
0.0044, 1.028947e+08, 1.041282e+08, 1.023456e+08, 1.052257e+08, 1.021892e+08, 1.035791e+08, 1.018398e+08, 1.031042e+08, 1.053489e+08, 1.053133e+08, 1.043386e+08, 1.024549e+08, 1.038076e+08, 1.028172e+08, 1.026827e+08
0.0045, 1.030037e+08, 1.042673e+08, 1.024422e+08, 1.053979e+08, 1.022634e+08, 1.037205e+08, 1.019147e+08, 1.032157e+08, 1.055309e+08, 1.054808e+08, 1.044882e+08, 1.025447e+08, 1.039616e+08, 1.029328e+08, 1.027808e+08
0.0046, 1.031129e+08, 1.044061e+08, 1.025393e+08, 1.055698e+08, 1.023378e+08, 1.038618e+08, 1.019899e+08, 1.033274e+08, 1.057124e+08, 1.056482e+08, 1.046382e+08, 1.026346e+08, 1.041160e+08, 1.030487e+08, 1.028791e+08
0.0047, 1.032225e+08, 1.045446e+08, 1.026369e+08, 1.057413e+08, 1.024125e+08, 1.040032e+08, 1.020655e+08, 1.034391e+08, 1.058935e+08, 1.058154e+08, 1.047883e+08, 1.027247e+08, 1.042710e+08, 1.031649e+08, 1.029776e+08
0.0048, 1.033324e+08, 1.046828e+08, 1.027349e+08, 1.059125e+08, 1.024872e+08, 1.041446e+08, 1.021414e+08, 1.035508e+08, 1.060743e+08, 1.059825e+08, 1.049387e+08, 1.028151e+08, 1.044263e+08, 1.032815e+08, 1.030762e+08
0.0049, 1.034425e+08, 1.048207e+08, 1.028333e+08, 1.060833e+08, 1.025622e+08, 1.042860e+08, 1.022176e+08, 1.036626e+08, 1.062548e+08, 1.061495e+08, 1.050893e+08, 1.029056e+08, 1.045820e+08, 1.033983e+08, 1.031749e+08
0.005, 1.035529e+08, 1.049583e+08, 1.029321e+08, 1.062538e+08, 1.026374e+08, 1.044274e+08, 1.022941e+08, 1.037745e+08, 1.064349e+08, 1.063164e+08, 1.052401e+08, 1.029962e+08, 1.047380e+08, 1.035154e+08, 1.032737e+08
0.0051, 1.036635e+08, 1.050956e+08, 1.030312e+08, 1.064240e+08, 1.027128e+08, 1.045687e+08, 1.023709e+08, 1.038863e+08, 1.066146e+08, 1.064831e+08, 1.053909e+08, 1.030870e+08, 1.048943e+08, 1.036328e+08, 1.033727e+08
0.0052, 1.037743e+08, 1.052327e+08, 1.031307e+08, 1.065939e+08, 1.027884e+08, 1.047100e+08, 1.024480e+08, 1.039982e+08, 1.067940e+08, 1.066497e+08, 1.055419e+08, 1.031779e+08, 1.050508e+08, 1.037505e+08, 1.034718e+08
0.0053, 1.038854e+08, 1.053696e+08, 1.032305e+08, 1.067634e+08, 1.028641e+08, 1.048512e+08, 1.025254e+08, 1.041101e+08, 1.069730e+08, 1.068162e+08, 1.056929e+08, 1.032690e+08, 1.052076e+08, 1.038684e+08, 1.035710e+08
0.0054, 1.039967e+08, 1.055062e+08, 1.033307e+08, 1.069327e+08, 1.029401e+08, 1.049923e+08, 1.026031e+08, 1.042221e+08, 1.071517e+08, 1.069825e+08, 1.058439e+08, 1.033602e+08, 1.053646e+08, 1.039865e+08, 1.036703e+08
0.0055, 1.041081e+08, 1.056426e+08, 1.034311e+08, 1.071016e+08, 1.030163e+08, 1.051334e+08, 1.026810e+08, 1.043340e+08, 1.073301e+08, 1.071487e+08, 1.059950e+08, 1.034515e+08, 1.055217e+08, 1.041049e+08, 1.037697e+08
0.0056, 1.042197e+08, 1.057787e+08, 1.035318e+08, 1.072702e+08, 1.030927e+08, 1.052744e+08, 1.027592e+08, 1.044460e+08, 1.075082e+08, 1.073147e+08, 1.061460e+08, 1.035429e+08, 1.056790e+08, 1.042235e+08, 1.038692e+08
0.0057, 1.043315e+08, 1.059146e+08, 1.036327e+08, 1.074385e+08, 1.031693e+08, 1.054153e+08, 1.028377e+08, 1.045580e+08, 1.076859e+08, 1.074806e+08, 1.062970e+08, 1.036344e+08, 1.058365e+08, 1.043423e+08, 1.039688e+08
0.0058, 1.044435e+08, 1.060504e+08, 1.037339e+08, 1.076065e+08, 1.032460e+08, 1.055561e+08, 1.029165e+08, 1.046700e+08, 1.078633e+08, 1.076463e+08, 1.064480e+08, 1.037260e+08, 1.059941e+08, 1.044613e+08, 1.040686e+08
0.0059, 1.045556e+08, 1.061859e+08, 1.038354e+08, 1.077742e+08, 1.033230e+08, 1.056968e+08, 1.029954e+08, 1.047821e+08, 1.080404e+08, 1.078118e+08, 1.065989e+08, 1.038177e+08, 1.061518e+08, 1.045805e+08, 1.041683e+08
0.006, 1.046679e+08, 1.063212e+08, 1.039370e+08, 1.079416e+08, 1.034002e+08, 1.058375e+08, 1.030747e+08, 1.048942e+08, 1.082171e+08, 1.079772e+08, 1.067498e+08, 1.039094e+08, 1.063096e+08, 1.047000e+08, 1.042682e+08
0.0061, 1.047803e+08, 1.064564e+08, 1.040389e+08, 1.081088e+08, 1.034776e+08, 1.059780e+08, 1.031542e+08, 1.050062e+08, 1.083936e+08, 1.081425e+08, 1.069005e+08, 1.040012e+08, 1.064675e+08, 1.048196e+08, 1.043682e+08
0.0062, 1.048929e+08, 1.065913e+08, 1.041411e+08, 1.082756e+08, 1.035551e+08, 1.061184e+08, 1.032339e+08, 1.051183e+08, 1.085697e+08, 1.083075e+08, 1.070512e+08, 1.040931e+08, 1.066255e+08, 1.049394e+08, 1.044682e+08
0.0063, 1.050056e+08, 1.067261e+08, 1.042434e+08, 1.084421e+08, 1.036328e+08, 1.062588e+08, 1.033138e+08, 1.052305e+08, 1.087456e+08, 1.084724e+08, 1.072017e+08, 1.041851e+08, 1.067835e+08, 1.050594e+08, 1.045683e+08
0.0064, 1.051184e+08, 1.068607e+08, 1.043459e+08, 1.086084e+08, 1.037108e+08, 1.063990e+08, 1.033940e+08, 1.053426e+08, 1.089211e+08, 1.086371e+08, 1.073522e+08, 1.042771e+08, 1.069417e+08, 1.051795e+08, 1.046684e+08
0.0065, 1.052313e+08, 1.069951e+08, 1.044486e+08, 1.087743e+08, 1.037889e+08, 1.065391e+08, 1.034744e+08, 1.054548e+08, 1.090963e+08, 1.088017e+08, 1.075025e+08, 1.043691e+08, 1.070998e+08, 1.052998e+08, 1.047687e+08
0.0066, 1.053443e+08, 1.071294e+08, 1.045515e+08, 1.089400e+08, 1.038672e+08, 1.066791e+08, 1.035551e+08, 1.055669e+08, 1.092712e+08, 1.089660e+08, 1.076527e+08, 1.044612e+08, 1.072580e+08, 1.054203e+08, 1.048690e+08
0.0067, 1.054575e+08, 1.072634e+08, 1.046545e+08, 1.091054e+08, 1.039456e+08, 1.068190e+08, 1.036359e+08, 1.056791e+08, 1.094459e+08, 1.091302e+08, 1.078027e+08, 1.045533e+08, 1.074163e+08, 1.055409e+08, 1.049693e+08
0.0068, 1.055707e+08, 1.073974e+08, 1.047577e+08, 1.092705e+08, 1.040242e+08, 1.069588e+08, 1.037170e+08, 1.057913e+08, 1.096202e+08, 1.092942e+08, 1.079526e+08, 1.046455e+08, 1.075746e+08, 1.056617e+08, 1.050697e+08
0.0069, 1.056840e+08, 1.075311e+08, 1.048611e+08, 1.094354e+08, 1.041030e+08, 1.070984e+08, 1.037982e+08, 1.059036e+08, 1.097942e+08, 1.094580e+08, 1.081023e+08, 1.047377e+08, 1.077328e+08, 1.057827e+08, 1.051702e+08
0.007, 1.057975e+08, 1.076647e+08, 1.049646e+08, 1.096000e+08, 1.041820e+08, 1.072380e+08, 1.038797e+08, 1.060158e+08, 1.099680e+08, 1.096216e+08, 1.082519e+08, 1.048300e+08, 1.078911e+08, 1.059037e+08, 1.052707e+08
0.0071, 1.059110e+08, 1.077982e+08, 1.050683e+08, 1.097643e+08, 1.042611e+08, 1.073774e+08, 1.039614e+08, 1.061280e+08, 1.101414e+08, 1.097850e+08, 1.084013e+08, 1.049222e+08, 1.080495e+08, 1.060250e+08, 1.053713e+08
0.0072, 1.060246e+08, 1.079315e+08, 1.051722e+08, 1.099283e+08, 1.043403e+08, 1.075167e+08, 1.040432e+08, 1.062403e+08, 1.103146e+08, 1.099483e+08, 1.085506e+08, 1.050145e+08, 1.082078e+08, 1.061463e+08, 1.054719e+08
0.0073, 1.061383e+08, 1.080646e+08, 1.052761e+08, 1.100921e+08, 1.044197e+08, 1.076559e+08, 1.041253e+08, 1.063526e+08, 1.104875e+08, 1.101113e+08, 1.086997e+08, 1.051068e+08, 1.083661e+08, 1.062678e+08, 1.055726e+08
0.0074, 1.062521e+08, 1.081976e+08, 1.053802e+08, 1.102556e+08, 1.044993e+08, 1.077950e+08, 1.042076e+08, 1.064649e+08, 1.106600e+08, 1.102742e+08, 1.088487e+08, 1.051992e+08, 1.085243e+08, 1.063894e+08, 1.056734e+08
0.0075, 1.063660e+08, 1.083304e+08, 1.054845e+08, 1.104188e+08, 1.045790e+08, 1.079339e+08, 1.042900e+08, 1.065772e+08, 1.108324e+08, 1.104368e+08, 1.089974e+08, 1.052915e+08, 1.086826e+08, 1.065112e+08, 1.057742e+08
0.0076, 1.064799e+08, 1.084631e+08, 1.055888e+08, 1.105818e+08, 1.046588e+08, 1.080727e+08, 1.043726e+08, 1.066895e+08, 1.110044e+08, 1.105993e+08, 1.091460e+08, 1.053839e+08, 1.088408e+08, 1.066330e+08, 1.058750e+08
0.0077, 1.065939e+08, 1.085957e+08, 1.056933e+08, 1.107445e+08, 1.047388e+08, 1.082114e+08, 1.044554e+08, 1.068018e+08, 1.111761e+08, 1.107615e+08, 1.092944e+08, 1.054763e+08, 1.089990e+08, 1.067550e+08, 1.059759e+08
0.0078, 1.067080e+08, 1.087281e+08, 1.057979e+08, 1.109070e+08, 1.048189e+08, 1.083500e+08, 1.045384e+08, 1.069142e+08, 1.113476e+08, 1.109236e+08, 1.094427e+08, 1.055687e+08, 1.091572e+08, 1.068771e+08, 1.060768e+08
0.0079, 1.068221e+08, 1.088603e+08, 1.059027e+08, 1.110692e+08, 1.048991e+08, 1.084884e+08, 1.046216e+08, 1.070265e+08, 1.115188e+08, 1.110855e+08, 1.095908e+08, 1.056611e+08, 1.093153e+08, 1.069993e+08, 1.061777e+08
0.008, 1.069363e+08, 1.089924e+08, 1.060075e+08, 1.112312e+08, 1.049795e+08, 1.086267e+08, 1.047049e+08, 1.071389e+08, 1.116897e+08, 1.112471e+08, 1.097387e+08, 1.057535e+08, 1.094734e+08, 1.071216e+08, 1.062787e+08
0.0081, 1.070506e+08, 1.091244e+08, 1.061124e+08, 1.113929e+08, 1.050600e+08, 1.087649e+08, 1.047884e+08, 1.072513e+08, 1.118604e+08, 1.114086e+08, 1.098864e+08, 1.058459e+08, 1.096315e+08, 1.072440e+08, 1.063798e+08
0.0082, 1.071649e+08, 1.092563e+08, 1.062175e+08, 1.115543e+08, 1.051406e+08, 1.089030e+08, 1.048720e+08, 1.073636e+08, 1.120308e+08, 1.115699e+08, 1.100339e+08, 1.059384e+08, 1.097895e+08, 1.073665e+08, 1.064808e+08
0.0083, 1.072793e+08, 1.093880e+08, 1.063226e+08, 1.117155e+08, 1.052213e+08, 1.090409e+08, 1.049558e+08, 1.074760e+08, 1.122009e+08, 1.117309e+08, 1.101813e+08, 1.060308e+08, 1.099474e+08, 1.074891e+08, 1.065819e+08
0.0084, 1.073938e+08, 1.095195e+08, 1.064279e+08, 1.118765e+08, 1.053021e+08, 1.091787e+08, 1.050398e+08, 1.075884e+08, 1.123707e+08, 1.118918e+08, 1.103284e+08, 1.061232e+08, 1.101053e+08, 1.076118e+08, 1.066831e+08
0.0085, 1.075083e+08, 1.096510e+08, 1.065332e+08, 1.120372e+08, 1.053831e+08, 1.093164e+08, 1.051239e+08, 1.077008e+08, 1.125403e+08, 1.120525e+08, 1.104754e+08, 1.062157e+08, 1.102631e+08, 1.077345e+08, 1.067843e+08
0.0086, 1.076228e+08, 1.097823e+08, 1.066386e+08, 1.121977e+08, 1.054641e+08, 1.094540e+08, 1.052081e+08, 1.078132e+08, 1.127096e+08, 1.122129e+08, 1.106222e+08, 1.063081e+08, 1.104208e+08, 1.078574e+08, 1.068855e+08
0.0087, 1.077374e+08, 1.099134e+08, 1.067442e+08, 1.123579e+08, 1.055453e+08, 1.095914e+08, 1.052925e+08, 1.079257e+08, 1.128787e+08, 1.123732e+08, 1.107689e+08, 1.064006e+08, 1.105785e+08, 1.079804e+08, 1.069868e+08
0.0088, 1.078521e+08, 1.100445e+08, 1.068498e+08, 1.125179e+08, 1.056266e+08, 1.097287e+08, 1.053771e+08, 1.080381e+08, 1.130475e+08, 1.125333e+08, 1.109153e+08, 1.064930e+08, 1.107361e+08, 1.081034e+08, 1.070880e+08
0.0089, 1.079668e+08, 1.101754e+08, 1.069555e+08, 1.126777e+08, 1.057079e+08, 1.098659e+08, 1.054618e+08, 1.081505e+08, 1.132160e+08, 1.126931e+08, 1.110616e+08, 1.065854e+08, 1.108936e+08, 1.082265e+08, 1.071894e+08
0.009, 1.080815e+08, 1.103061e+08, 1.070613e+08, 1.128372e+08, 1.057894e+08, 1.100029e+08, 1.055466e+08, 1.082629e+08, 1.133843e+08, 1.128528e+08, 1.112076e+08, 1.066779e+08, 1.110510e+08, 1.083497e+08, 1.072907e+08
0.0091, 1.081963e+08, 1.104368e+08, 1.071671e+08, 1.129965e+08, 1.058709e+08, 1.101399e+08, 1.056316e+08, 1.083754e+08, 1.135523e+08, 1.130123e+08, 1.113535e+08, 1.067703e+08, 1.112084e+08, 1.084730e+08, 1.073921e+08
0.0092, 1.083111e+08, 1.105673e+08, 1.072731e+08, 1.131556e+08, 1.059526e+08, 1.102766e+08, 1.057167e+08, 1.084878e+08, 1.137201e+08, 1.131715e+08, 1.114992e+08, 1.068627e+08, 1.113657e+08, 1.085963e+08, 1.074935e+08
0.0093, 1.084260e+08, 1.106976e+08, 1.073791e+08, 1.133144e+08, 1.060343e+08, 1.104133e+08, 1.058019e+08, 1.086002e+08, 1.138876e+08, 1.133306e+08, 1.116448e+08, 1.069551e+08, 1.115229e+08, 1.087197e+08, 1.075949e+08
0.0094, 1.085409e+08, 1.108279e+08, 1.074852e+08, 1.134730e+08, 1.061161e+08, 1.105498e+08, 1.058873e+08, 1.087127e+08, 1.140549e+08, 1.134895e+08, 1.117901e+08, 1.070476e+08, 1.116800e+08, 1.088432e+08, 1.076964e+08
0.0095, 1.086558e+08, 1.109580e+08, 1.075913e+08, 1.136314e+08, 1.061980e+08, 1.106863e+08, 1.059727e+08, 1.088251e+08, 1.142219e+08, 1.136481e+08, 1.119353e+08, 1.071400e+08, 1.118370e+08, 1.089667e+08, 1.077979e+08
0.0096, 1.087708e+08, 1.110880e+08, 1.076976e+08, 1.137896e+08, 1.062800e+08, 1.108225e+08, 1.060583e+08, 1.089376e+08, 1.143886e+08, 1.138066e+08, 1.120803e+08, 1.072324e+08, 1.119939e+08, 1.090903e+08, 1.078994e+08
0.0097, 1.088857e+08, 1.112179e+08, 1.078039e+08, 1.139475e+08, 1.063620e+08, 1.109587e+08, 1.061440e+08, 1.090500e+08, 1.145551e+08, 1.139649e+08, 1.122251e+08, 1.073247e+08, 1.121507e+08, 1.092139e+08, 1.080009e+08
0.0098, 1.090008e+08, 1.113476e+08, 1.079102e+08, 1.141052e+08, 1.064442e+08, 1.110947e+08, 1.062299e+08, 1.091624e+08, 1.147214e+08, 1.141229e+08, 1.123697e+08, 1.074171e+08, 1.123075e+08, 1.093376e+08, 1.081025e+08
0.0099, 1.091158e+08, 1.114773e+08, 1.080167e+08, 1.142627e+08, 1.065264e+08, 1.112306e+08, 1.063158e+08, 1.092749e+08, 1.148874e+08, 1.142808e+08, 1.125141e+08, 1.075095e+08, 1.124641e+08, 1.094614e+08, 1.082041e+08
0.01, 1.092309e+08, 1.116068e+08, 1.081232e+08, 1.144199e+08, 1.066087e+08, 1.113664e+08, 1.064019e+08, 1.093873e+08, 1.150531e+08, 1.144385e+08, 1.126584e+08, 1.076018e+08, 1.126207e+08, 1.095852e+08, 1.083057e+08
0.0101, 1.093460e+08, 1.117361e+08, 1.082297e+08, 1.145770e+08, 1.066911e+08, 1.115020e+08, 1.064881e+08, 1.094997e+08, 1.152187e+08, 1.145960e+08, 1.128024e+08, 1.076942e+08, 1.127771e+08, 1.097091e+08, 1.084073e+08
0.0102, 1.094611e+08, 1.118654e+08, 1.083363e+08, 1.147338e+08, 1.067735e+08, 1.116375e+08, 1.065744e+08, 1.096121e+08, 1.153839e+08, 1.147533e+08, 1.129463e+08, 1.077865e+08, 1.129334e+08, 1.098330e+08, 1.085090e+08
0.0103, 1.095763e+08, 1.119945e+08, 1.084430e+08, 1.148904e+08, 1.068560e+08, 1.117729e+08, 1.066607e+08, 1.097246e+08, 1.155490e+08, 1.149103e+08, 1.130901e+08, 1.078789e+08, 1.130897e+08, 1.099570e+08, 1.086107e+08
0.0104, 1.096915e+08, 1.121236e+08, 1.085497e+08, 1.150468e+08, 1.069386e+08, 1.119081e+08, 1.067472e+08, 1.098370e+08, 1.157137e+08, 1.150672e+08, 1.132336e+08, 1.079712e+08, 1.132458e+08, 1.100810e+08, 1.087124e+08
0.0105, 1.098067e+08, 1.122525e+08, 1.086565e+08, 1.152029e+08, 1.070212e+08, 1.120433e+08, 1.068338e+08, 1.099494e+08, 1.158783e+08, 1.152239e+08, 1.133769e+08, 1.080635e+08, 1.134018e+08, 1.102051e+08, 1.088141e+08
0.0106, 1.099219e+08, 1.123812e+08, 1.087633e+08, 1.153589e+08, 1.071039e+08, 1.121783e+08, 1.069205e+08, 1.100618e+08, 1.160426e+08, 1.153804e+08, 1.135201e+08, 1.081558e+08, 1.135577e+08, 1.103292e+08, 1.089158e+08
0.0107, 1.100371e+08, 1.125099e+08, 1.088702e+08, 1.155147e+08, 1.071867e+08, 1.123132e+08, 1.070073e+08, 1.101742e+08, 1.162067e+08, 1.155367e+08, 1.136631e+08, 1.082480e+08, 1.137135e+08, 1.104533e+08, 1.090176e+08
0.0108, 1.101524e+08, 1.126384e+08, 1.089771e+08, 1.156702e+08, 1.072695e+08, 1.124479e+08, 1.070942e+08, 1.102866e+08, 1.163705e+08, 1.156928e+08, 1.138060e+08, 1.083403e+08, 1.138692e+08, 1.105775e+08, 1.091194e+08
0.0109, 1.102676e+08, 1.127669e+08, 1.090841e+08, 1.158255e+08, 1.073524e+08, 1.125825e+08, 1.071812e+08, 1.103989e+08, 1.165341e+08, 1.158487e+08, 1.139486e+08, 1.084325e+08, 1.140248e+08, 1.107017e+08, 1.092212e+08
0.011, 1.103829e+08, 1.128952e+08, 1.091911e+08, 1.159806e+08, 1.074353e+08, 1.127170e+08, 1.072682e+08, 1.105113e+08, 1.166975e+08, 1.160045e+08, 1.140911e+08, 1.085248e+08, 1.141802e+08, 1.108259e+08, 1.093230e+08
0.0111, 1.104982e+08, 1.130234e+08, 1.092982e+08, 1.161356e+08, 1.075183e+08, 1.128514e+08, 1.073554e+08, 1.106237e+08, 1.168606e+08, 1.161600e+08, 1.142334e+08, 1.086170e+08, 1.143356e+08, 1.109502e+08, 1.094248e+08
0.0112, 1.106135e+08, 1.131515e+08, 1.094053e+08, 1.162903e+08, 1.076014e+08, 1.129856e+08, 1.074426e+08, 1.107360e+08, 1.170235e+08, 1.163153e+08, 1.143755e+08, 1.087092e+08, 1.144908e+08, 1.110745e+08, 1.095267e+08
0.0113, 1.107288e+08, 1.132794e+08, 1.095124e+08, 1.164448e+08, 1.076845e+08, 1.131197e+08, 1.075299e+08, 1.108484e+08, 1.171862e+08, 1.164705e+08, 1.145175e+08, 1.088014e+08, 1.146459e+08, 1.111989e+08, 1.096285e+08
0.0114, 1.108441e+08, 1.134073e+08, 1.096196e+08, 1.165991e+08, 1.077677e+08, 1.132537e+08, 1.076174e+08, 1.109607e+08, 1.173486e+08, 1.166254e+08, 1.146592e+08, 1.088936e+08, 1.148010e+08, 1.113232e+08, 1.097304e+08
0.0115, 1.109594e+08, 1.135350e+08, 1.097269e+08, 1.167532e+08, 1.078509e+08, 1.133876e+08, 1.077048e+08, 1.110730e+08, 1.175108e+08, 1.167802e+08, 1.148009e+08, 1.089857e+08, 1.149558e+08, 1.114476e+08, 1.098323e+08
0.0116, 1.110747e+08, 1.136626e+08, 1.098341e+08, 1.169071e+08, 1.079341e+08, 1.135213e+08, 1.077924e+08, 1.111853e+08, 1.176728e+08, 1.169348e+08, 1.149423e+08, 1.090779e+08, 1.151106e+08, 1.115721e+08, 1.099342e+08
0.0117, 1.111901e+08, 1.137901e+08, 1.099414e+08, 1.170608e+08, 1.080175e+08, 1.136549e+08, 1.078801e+08, 1.112976e+08, 1.178345e+08, 1.170892e+08, 1.150836e+08, 1.091700e+08, 1.152653e+08, 1.116965e+08, 1.100361e+08
0.0118, 1.113054e+08, 1.139175e+08, 1.100488e+08, 1.172143e+08, 1.081008e+08, 1.137884e+08, 1.079678e+08, 1.114099e+08, 1.179960e+08, 1.172433e+08, 1.152247e+08, 1.092621e+08, 1.154198e+08, 1.118210e+08, 1.101381e+08
0.0119, 1.114207e+08, 1.140448e+08, 1.101562e+08, 1.173676e+08, 1.081842e+08, 1.139218e+08, 1.080556e+08, 1.115222e+08, 1.181573e+08, 1.173974e+08, 1.153656e+08, 1.093542e+08, 1.155742e+08, 1.119455e+08, 1.102400e+08
0.012, 1.115361e+08, 1.141720e+08, 1.102636e+08, 1.175207e+08, 1.082677e+08, 1.140550e+08, 1.081435e+08, 1.116344e+08, 1.183184e+08, 1.175512e+08, 1.155063e+08, 1.094463e+08, 1.157285e+08, 1.120700e+08, 1.103420e+08
0.0121, 1.116514e+08, 1.142991e+08, 1.103710e+08, 1.176736e+08, 1.083512e+08, 1.141881e+08, 1.082314e+08, 1.117467e+08, 1.184792e+08, 1.177048e+08, 1.156469e+08, 1.095383e+08, 1.158826e+08, 1.121945e+08, 1.104439e+08
0.0122, 1.117668e+08, 1.144260e+08, 1.104785e+08, 1.178263e+08, 1.084347e+08, 1.143211e+08, 1.083194e+08, 1.118589e+08, 1.186398e+08, 1.178582e+08, 1.157873e+08, 1.096304e+08, 1.160367e+08, 1.123191e+08, 1.105459e+08
0.0123, 1.118821e+08, 1.145529e+08, 1.105860e+08, 1.179788e+08, 1.085183e+08, 1.144540e+08, 1.084075e+08, 1.119711e+08, 1.188002e+08, 1.180115e+08, 1.159276e+08, 1.097224e+08, 1.161906e+08, 1.124436e+08, 1.106479e+08
0.0124, 1.119974e+08, 1.146796e+08, 1.106935e+08, 1.181311e+08, 1.086019e+08, 1.145867e+08, 1.084957e+08, 1.120833e+08, 1.189604e+08, 1.181646e+08, 1.160677e+08, 1.098144e+08, 1.163444e+08, 1.125682e+08, 1.107499e+08
0.0125, 1.121128e+08, 1.148063e+08, 1.108011e+08, 1.182833e+08, 1.086856e+08, 1.147193e+08, 1.085839e+08, 1.121954e+08, 1.191204e+08, 1.183174e+08, 1.162076e+08, 1.099064e+08, 1.164981e+08, 1.126928e+08, 1.108519e+08
0.0126, 1.122281e+08, 1.149328e+08, 1.109086e+08, 1.184352e+08, 1.087693e+08, 1.148518e+08, 1.086722e+08, 1.123076e+08, 1.192801e+08, 1.184701e+08, 1.163474e+08, 1.099984e+08, 1.166516e+08, 1.128174e+08, 1.109539e+08
0.0127, 1.123434e+08, 1.150592e+08, 1.110162e+08, 1.185869e+08, 1.088531e+08, 1.149842e+08, 1.087605e+08, 1.124197e+08, 1.194396e+08, 1.186227e+08, 1.164870e+08, 1.100903e+08, 1.168050e+08, 1.129420e+08, 1.110560e+08
0.0128, 1.124587e+08, 1.151855e+08, 1.111239e+08, 1.187385e+08, 1.089369e+08, 1.151164e+08, 1.088489e+08, 1.125318e+08, 1.195989e+08, 1.187750e+08, 1.166264e+08, 1.101823e+08, 1.169583e+08, 1.130666e+08, 1.111580e+08
0.0129, 1.125741e+08, 1.153117e+08, 1.112315e+08, 1.188899e+08, 1.090207e+08, 1.152485e+08, 1.089374e+08, 1.126439e+08, 1.197580e+08, 1.189271e+08, 1.167657e+08, 1.102742e+08, 1.171115e+08, 1.131913e+08, 1.112601e+08
0.013, 1.126894e+08, 1.154378e+08, 1.113392e+08, 1.190410e+08, 1.091046e+08, 1.153805e+08, 1.090259e+08, 1.127560e+08, 1.199168e+08, 1.190791e+08, 1.169048e+08, 1.103661e+08, 1.172645e+08, 1.133159e+08, 1.113621e+08
0.0131, 1.128046e+08, 1.155638e+08, 1.114469e+08, 1.191920e+08, 1.091885e+08, 1.155124e+08, 1.091145e+08, 1.128681e+08, 1.200755e+08, 1.192309e+08, 1.170437e+08, 1.104580e+08, 1.174175e+08, 1.134405e+08, 1.114642e+08
0.0132, 1.129199e+08, 1.156897e+08, 1.115546e+08, 1.193428e+08, 1.092724e+08, 1.156441e+08, 1.092031e+08, 1.129801e+08, 1.202339e+08, 1.193825e+08, 1.171825e+08, 1.105498e+08, 1.175702e+08, 1.135652e+08, 1.115662e+08
0.0133, 1.130352e+08, 1.158155e+08, 1.116624e+08, 1.194935e+08, 1.093564e+08, 1.157758e+08, 1.092918e+08, 1.130921e+08, 1.203921e+08, 1.195339e+08, 1.173211e+08, 1.106417e+08, 1.177229e+08, 1.136898e+08, 1.116683e+08
0.0134, 1.131505e+08, 1.159411e+08, 1.117701e+08, 1.196439e+08, 1.094404e+08, 1.159073e+08, 1.093805e+08, 1.132041e+08, 1.205501e+08, 1.196851e+08, 1.174596e+08, 1.107335e+08, 1.178754e+08, 1.138145e+08, 1.117704e+08
0.0135, 1.132657e+08, 1.160667e+08, 1.118779e+08, 1.197942e+08, 1.095244e+08, 1.160386e+08, 1.094693e+08, 1.133161e+08, 1.207079e+08, 1.198362e+08, 1.175979e+08, 1.108253e+08, 1.180278e+08, 1.139391e+08, 1.118725e+08
0.0136, 1.133809e+08, 1.161922e+08, 1.119857e+08, 1.199442e+08, 1.096085e+08, 1.161699e+08, 1.095581e+08, 1.134280e+08, 1.208655e+08, 1.199871e+08, 1.177360e+08, 1.109171e+08, 1.181801e+08, 1.140638e+08, 1.119746e+08
0.0137, 1.134962e+08, 1.163175e+08, 1.120935e+08, 1.200941e+08, 1.096926e+08, 1.163010e+08, 1.096470e+08, 1.135400e+08, 1.210229e+08, 1.201378e+08, 1.178740e+08, 1.110088e+08, 1.183322e+08, 1.141885e+08, 1.120767e+08
0.0138, 1.136114e+08, 1.164428e+08, 1.122013e+08, 1.202438e+08, 1.097767e+08, 1.164321e+08, 1.097360e+08, 1.136519e+08, 1.211800e+08, 1.202883e+08, 1.180118e+08, 1.111006e+08, 1.184843e+08, 1.143131e+08, 1.121788e+08
0.0139, 1.137265e+08, 1.165680e+08, 1.123091e+08, 1.203933e+08, 1.098609e+08, 1.165629e+08, 1.098250e+08, 1.137638e+08, 1.213370e+08, 1.204386e+08, 1.181495e+08, 1.111923e+08, 1.186361e+08, 1.144378e+08, 1.122809e+08
0.014, 1.138417e+08, 1.166930e+08, 1.124170e+08, 1.205427e+08, 1.099450e+08, 1.166937e+08, 1.099140e+08, 1.138756e+08, 1.214937e+08, 1.205888e+08, 1.182870e+08, 1.112840e+08, 1.187879e+08, 1.145624e+08, 1.123830e+08
0.0141, 1.139569e+08, 1.168180e+08, 1.125249e+08, 1.206919e+08, 1.100293e+08, 1.168244e+08, 1.100031e+08, 1.139874e+08, 1.216503e+08, 1.207388e+08, 1.184244e+08, 1.113757e+08, 1.189395e+08, 1.146871e+08, 1.124851e+08
0.0142, 1.140720e+08, 1.169428e+08, 1.126327e+08, 1.208408e+08, 1.101135e+08, 1.169549e+08, 1.100922e+08, 1.140992e+08, 1.218066e+08, 1.208886e+08, 1.185616e+08, 1.114673e+08, 1.190910e+08, 1.148117e+08, 1.125872e+08
0.0143, 1.141871e+08, 1.170676e+08, 1.127406e+08, 1.209897e+08, 1.101978e+08, 1.170853e+08, 1.101813e+08, 1.142110e+08, 1.219627e+08, 1.210382e+08, 1.186987e+08, 1.115590e+08, 1.192424e+08, 1.149363e+08, 1.126893e+08
0.0144, 1.143022e+08, 1.171922e+08, 1.128485e+08, 1.211383e+08, 1.102821e+08, 1.172156e+08, 1.102705e+08, 1.143228e+08, 1.221186e+08, 1.211877e+08, 1.188356e+08, 1.116506e+08, 1.193936e+08, 1.150610e+08, 1.127915e+08
0.0145, 1.144173e+08, 1.173168e+08, 1.129564e+08, 1.212867e+08, 1.103664e+08, 1.173458e+08, 1.103598e+08, 1.144345e+08, 1.222743e+08, 1.213370e+08, 1.189723e+08, 1.117422e+08, 1.195447e+08, 1.151856e+08, 1.128936e+08
0.0146, 1.145323e+08, 1.174412e+08, 1.130643e+08, 1.214350e+08, 1.104507e+08, 1.174758e+08, 1.104490e+08, 1.145462e+08, 1.224298e+08, 1.214861e+08, 1.191089e+08, 1.118338e+08, 1.196956e+08, 1.153102e+08, 1.129957e+08
0.0147, 1.146474e+08, 1.175656e+08, 1.131722e+08, 1.215831e+08, 1.105351e+08, 1.176057e+08, 1.105384e+08, 1.146579e+08, 1.225851e+08, 1.216350e+08, 1.192454e+08, 1.119253e+08, 1.198465e+08, 1.154348e+08, 1.130978e+08
0.0148, 1.147624e+08, 1.176899e+08, 1.132801e+08, 1.217311e+08, 1.106195e+08, 1.177355e+08, 1.106277e+08, 1.147695e+08, 1.227402e+08, 1.217838e+08, 1.193817e+08, 1.120169e+08, 1.199972e+08, 1.155594e+08, 1.131999e+08
0.0149, 1.148774e+08, 1.178140e+08, 1.133881e+08, 1.218788e+08, 1.107039e+08, 1.178652e+08, 1.107171e+08, 1.148811e+08, 1.228951e+08, 1.219324e+08, 1.195178e+08, 1.121084e+08, 1.201477e+08, 1.156840e+08, 1.133021e+08
0.015, 1.149923e+08, 1.179381e+08, 1.134960e+08, 1.220264e+08, 1.107884e+08, 1.179948e+08, 1.108065e+08, 1.149927e+08, 1.230498e+08, 1.220808e+08, 1.196538e+08, 1.121999e+08, 1.202981e+08, 1.158085e+08, 1.134042e+08
0.0151, 1.151073e+08, 1.180620e+08, 1.136039e+08, 1.221738e+08, 1.108728e+08, 1.181242e+08, 1.108960e+08, 1.151043e+08, 1.232043e+08, 1.222290e+08, 1.197896e+08, 1.122914e+08, 1.204484e+08, 1.159331e+08, 1.135063e+08
0.0152, 1.152222e+08, 1.181859e+08, 1.137118e+08, 1.223211e+08, 1.109573e+08, 1.182536e+08, 1.109855e+08, 1.152158e+08, 1.233586e+08, 1.223771e+08, 1.199253e+08, 1.123828e+08, 1.205986e+08, 1.160576e+08, 1.136084e+08
0.0153, 1.153371e+08, 1.183096e+08, 1.138198e+08, 1.224681e+08, 1.110418e+08, 1.183828e+08, 1.110750e+08, 1.153273e+08, 1.235127e+08, 1.225250e+08, 1.200609e+08, 1.124742e+08, 1.207486e+08, 1.161821e+08, 1.137106e+08
0.0154, 1.154519e+08, 1.184333e+08, 1.139277e+08, 1.226150e+08, 1.111264e+08, 1.185118e+08, 1.111645e+08, 1.154388e+08, 1.236666e+08, 1.226727e+08, 1.201963e+08, 1.125656e+08, 1.208985e+08, 1.163067e+08, 1.138127e+08
0.0155, 1.155668e+08, 1.185569e+08, 1.140357e+08, 1.227618e+08, 1.112109e+08, 1.186408e+08, 1.112541e+08, 1.155502e+08, 1.238203e+08, 1.228203e+08, 1.203316e+08, 1.126570e+08, 1.210483e+08, 1.164311e+08, 1.139148e+08
0.0156, 1.156816e+08, 1.186803e+08, 1.141436e+08, 1.229083e+08, 1.112955e+08, 1.187697e+08, 1.113437e+08, 1.156616e+08, 1.239738e+08, 1.229676e+08, 1.204667e+08, 1.127484e+08, 1.211979e+08, 1.165556e+08, 1.140169e+08
0.0157, 1.157964e+08, 1.188037e+08, 1.142515e+08, 1.230547e+08, 1.113801e+08, 1.188984e+08, 1.114334e+08, 1.157730e+08, 1.241271e+08, 1.231149e+08, 1.206016e+08, 1.128397e+08, 1.213474e+08, 1.166801e+08, 1.141190e+08
0.0158, 1.159111e+08, 1.189270e+08, 1.143595e+08, 1.232009e+08, 1.114647e+08, 1.190270e+08, 1.115230e+08, 1.158843e+08, 1.242802e+08, 1.232619e+08, 1.207364e+08, 1.129310e+08, 1.214968e+08, 1.168045e+08, 1.142211e+08
0.0159, 1.160258e+08, 1.190502e+08, 1.144674e+08, 1.233470e+08, 1.115493e+08, 1.191555e+08, 1.116127e+08, 1.159956e+08, 1.244331e+08, 1.234088e+08, 1.208711e+08, 1.130223e+08, 1.216460e+08, 1.169289e+08, 1.143232e+08
0.016, 1.161405e+08, 1.191733e+08, 1.145754e+08, 1.234929e+08, 1.116340e+08, 1.192839e+08, 1.117024e+08, 1.161069e+08, 1.245859e+08, 1.235555e+08, 1.210056e+08, 1.131136e+08, 1.217951e+08, 1.170533e+08, 1.144253e+08
0.0161, 1.162552e+08, 1.192963e+08, 1.146833e+08, 1.236386e+08, 1.117186e+08, 1.194121e+08, 1.117922e+08, 1.162181e+08, 1.247384e+08, 1.237021e+08, 1.211400e+08, 1.132049e+08, 1.219440e+08, 1.171777e+08, 1.145274e+08
0.0162, 1.163698e+08, 1.194191e+08, 1.147912e+08, 1.237842e+08, 1.118033e+08, 1.195403e+08, 1.118819e+08, 1.163293e+08, 1.248907e+08, 1.238484e+08, 1.212743e+08, 1.132961e+08, 1.220929e+08, 1.173021e+08, 1.146295e+08
0.0163, 1.164844e+08, 1.195419e+08, 1.148991e+08, 1.239296e+08, 1.118880e+08, 1.196683e+08, 1.119717e+08, 1.164405e+08, 1.250429e+08, 1.239946e+08, 1.214084e+08, 1.133873e+08, 1.222415e+08, 1.174264e+08, 1.147316e+08
0.0164, 1.165990e+08, 1.196646e+08, 1.150071e+08, 1.240748e+08, 1.119727e+08, 1.197962e+08, 1.120615e+08, 1.165517e+08, 1.251948e+08, 1.241407e+08, 1.215423e+08, 1.134785e+08, 1.223901e+08, 1.175507e+08, 1.148337e+08
0.0165, 1.167135e+08, 1.197873e+08, 1.151150e+08, 1.242199e+08, 1.120574e+08, 1.199240e+08, 1.121513e+08, 1.166628e+08, 1.253466e+08, 1.242866e+08, 1.216762e+08, 1.135696e+08, 1.225385e+08, 1.176750e+08, 1.149358e+08
0.0166, 1.168280e+08, 1.199098e+08, 1.152229e+08, 1.243648e+08, 1.121422e+08, 1.200517e+08, 1.122412e+08, 1.167738e+08, 1.254982e+08, 1.244323e+08, 1.218098e+08, 1.136607e+08, 1.226868e+08, 1.177993e+08, 1.150379e+08
0.0167, 1.169425e+08, 1.200322e+08, 1.153308e+08, 1.245095e+08, 1.122269e+08, 1.201792e+08, 1.123311e+08, 1.168849e+08, 1.256496e+08, 1.245778e+08, 1.219434e+08, 1.137518e+08, 1.228349e+08, 1.179235e+08, 1.151399e+08
0.0168, 1.170569e+08, 1.201545e+08, 1.154387e+08, 1.246541e+08, 1.123117e+08, 1.203067e+08, 1.124209e+08, 1.169959e+08, 1.258007e+08, 1.247232e+08, 1.220768e+08, 1.138429e+08, 1.229829e+08, 1.180477e+08, 1.152420e+08
0.0169, 1.171713e+08, 1.202767e+08, 1.155465e+08, 1.247985e+08, 1.123965e+08, 1.204340e+08, 1.125109e+08, 1.171068e+08, 1.259518e+08, 1.248684e+08, 1.222100e+08, 1.139340e+08, 1.231308e+08, 1.181719e+08, 1.153440e+08
0.017, 1.172857e+08, 1.203989e+08, 1.156544e+08, 1.249428e+08, 1.124812e+08, 1.205612e+08, 1.126008e+08, 1.172178e+08, 1.261026e+08, 1.250135e+08, 1.223431e+08, 1.140250e+08, 1.232786e+08, 1.182960e+08, 1.154461e+08
0.0171, 1.174000e+08, 1.205209e+08, 1.157623e+08, 1.250869e+08, 1.125661e+08, 1.206883e+08, 1.126907e+08, 1.173286e+08, 1.262532e+08, 1.251584e+08, 1.224761e+08, 1.141160e+08, 1.234262e+08, 1.184202e+08, 1.155481e+08
0.0172, 1.175143e+08, 1.206429e+08, 1.158701e+08, 1.252308e+08, 1.126509e+08, 1.208152e+08, 1.127807e+08, 1.174395e+08, 1.264036e+08, 1.253031e+08, 1.226090e+08, 1.142070e+08, 1.235736e+08, 1.185443e+08, 1.156501e+08
0.0173, 1.176286e+08, 1.207647e+08, 1.159780e+08, 1.253746e+08, 1.127357e+08, 1.209421e+08, 1.128706e+08, 1.175503e+08, 1.265539e+08, 1.254477e+08, 1.227417e+08, 1.142980e+08, 1.237210e+08, 1.186684e+08, 1.157522e+08
0.0174, 1.177428e+08, 1.208865e+08, 1.160858e+08, 1.255182e+08, 1.128205e+08, 1.210688e+08, 1.129606e+08, 1.176611e+08, 1.267040e+08, 1.255921e+08, 1.228742e+08, 1.143889e+08, 1.238682e+08, 1.187924e+08, 1.158542e+08
0.0175, 1.178570e+08, 1.210082e+08, 1.161936e+08, 1.256617e+08, 1.129054e+08, 1.211955e+08, 1.130506e+08, 1.177718e+08, 1.268539e+08, 1.257364e+08, 1.230067e+08, 1.144798e+08, 1.240152e+08, 1.189164e+08, 1.159562e+08
0.0176, 1.179711e+08, 1.211298e+08, 1.163014e+08, 1.258050e+08, 1.129903e+08, 1.213220e+08, 1.131406e+08, 1.178825e+08, 1.270036e+08, 1.258804e+08, 1.231390e+08, 1.145707e+08, 1.241622e+08, 1.190404e+08, 1.160582e+08
0.0177, 1.180852e+08, 1.212512e+08, 1.164092e+08, 1.259482e+08, 1.130751e+08, 1.214484e+08, 1.132307e+08, 1.179932e+08, 1.271531e+08, 1.260244e+08, 1.232711e+08, 1.146616e+08, 1.243089e+08, 1.191644e+08, 1.161602e+08
0.0178, 1.181993e+08, 1.213726e+08, 1.165170e+08, 1.260912e+08, 1.131600e+08, 1.215746e+08, 1.133207e+08, 1.181038e+08, 1.273024e+08, 1.261681e+08, 1.234031e+08, 1.147524e+08, 1.244556e+08, 1.192883e+08, 1.162621e+08
0.0179, 1.183133e+08, 1.214939e+08, 1.166248e+08, 1.262340e+08, 1.132449e+08, 1.217008e+08, 1.134107e+08, 1.182144e+08, 1.274516e+08, 1.263117e+08, 1.235350e+08, 1.148432e+08, 1.246021e+08, 1.194122e+08, 1.163641e+08
0.018, 1.184273e+08, 1.216152e+08, 1.167325e+08, 1.263767e+08, 1.133298e+08, 1.218268e+08, 1.135008e+08, 1.183249e+08, 1.276006e+08, 1.264552e+08, 1.236668e+08, 1.149340e+08, 1.247485e+08, 1.195360e+08, 1.164661e+08
0.0181, 1.185413e+08, 1.217363e+08, 1.168403e+08, 1.265192e+08, 1.134147e+08, 1.219528e+08, 1.135909e+08, 1.184354e+08, 1.277494e+08, 1.265985e+08, 1.237984e+08, 1.150248e+08, 1.248948e+08, 1.196598e+08, 1.165680e+08
0.0182, 1.186552e+08, 1.218573e+08, 1.169480e+08, 1.266616e+08, 1.134996e+08, 1.220786e+08, 1.136809e+08, 1.185459e+08, 1.278980e+08, 1.267416e+08, 1.239299e+08, 1.151155e+08, 1.250409e+08, 1.197836e+08, 1.166699e+08
0.0183, 1.187691e+08, 1.219782e+08, 1.170557e+08, 1.268038e+08, 1.135845e+08, 1.222043e+08, 1.137710e+08, 1.186563e+08, 1.280464e+08, 1.268846e+08, 1.240613e+08, 1.152062e+08, 1.251868e+08, 1.199074e+08, 1.167719e+08
0.0184, 1.188829e+08, 1.220991e+08, 1.171634e+08, 1.269459e+08, 1.136695e+08, 1.223299e+08, 1.138611e+08, 1.187667e+08, 1.281947e+08, 1.270274e+08, 1.241925e+08, 1.152969e+08, 1.253327e+08, 1.200311e+08, 1.168738e+08
0.0185, 1.189967e+08, 1.222198e+08, 1.172710e+08, 1.270878e+08, 1.137544e+08, 1.224554e+08, 1.139512e+08, 1.188770e+08, 1.283428e+08, 1.271701e+08, 1.243236e+08, 1.153876e+08, 1.254784e+08, 1.201548e+08, 1.169757e+08
0.0186, 1.191105e+08, 1.223405e+08, 1.173787e+08, 1.272296e+08, 1.138393e+08, 1.225807e+08, 1.140413e+08, 1.189873e+08, 1.284907e+08, 1.273126e+08, 1.244545e+08, 1.154782e+08, 1.256240e+08, 1.202784e+08, 1.170776e+08
0.0187, 1.192242e+08, 1.224611e+08, 1.174863e+08, 1.273712e+08, 1.139243e+08, 1.227060e+08, 1.141314e+08, 1.190976e+08, 1.286384e+08, 1.274549e+08, 1.245854e+08, 1.155688e+08, 1.257694e+08, 1.204020e+08, 1.171794e+08
0.0188, 1.193378e+08, 1.225816e+08, 1.175939e+08, 1.275126e+08, 1.140092e+08, 1.228311e+08, 1.142216e+08, 1.192078e+08, 1.287859e+08, 1.275971e+08, 1.247161e+08, 1.156594e+08, 1.259147e+08, 1.205256e+08, 1.172813e+08
0.0189, 1.194514e+08, 1.227020e+08, 1.177015e+08, 1.276539e+08, 1.140942e+08, 1.229561e+08, 1.143117e+08, 1.193180e+08, 1.289333e+08, 1.277391e+08, 1.248466e+08, 1.157499e+08, 1.260599e+08, 1.206492e+08, 1.173831e+08
0.019, 1.195650e+08, 1.228223e+08, 1.178091e+08, 1.277951e+08, 1.141792e+08, 1.230810e+08, 1.144018e+08, 1.194281e+08, 1.290805e+08, 1.278810e+08, 1.249771e+08, 1.158405e+08, 1.262049e+08, 1.207727e+08, 1.174850e+08
0.0191, 1.196786e+08, 1.229425e+08, 1.179167e+08, 1.279361e+08, 1.142641e+08, 1.232058e+08, 1.144919e+08, 1.195382e+08, 1.292275e+08, 1.280228e+08, 1.251074e+08, 1.159310e+08, 1.263498e+08, 1.208961e+08, 1.175868e+08
0.0192, 1.197921e+08, 1.230626e+08, 1.180242e+08, 1.280769e+08, 1.143491e+08, 1.233305e+08, 1.145821e+08, 1.196482e+08, 1.293743e+08, 1.281643e+08, 1.252375e+08, 1.160215e+08, 1.264945e+08, 1.210195e+08, 1.176886e+08
0.0193, 1.199055e+08, 1.231826e+08, 1.181317e+08, 1.282177e+08, 1.144341e+08, 1.234551e+08, 1.146722e+08, 1.197582e+08, 1.295210e+08, 1.283057e+08, 1.253676e+08, 1.161119e+08, 1.266392e+08, 1.211429e+08, 1.177904e+08
0.0194, 1.200189e+08, 1.233026e+08, 1.182392e+08, 1.283582e+08, 1.145191e+08, 1.235795e+08, 1.147624e+08, 1.198682e+08, 1.296675e+08, 1.284470e+08, 1.254975e+08, 1.162023e+08, 1.267836e+08, 1.212663e+08, 1.178922e+08
0.0195, 1.201323e+08, 1.234224e+08, 1.183467e+08, 1.284986e+08, 1.146040e+08, 1.237038e+08, 1.148525e+08, 1.199781e+08, 1.298138e+08, 1.285881e+08, 1.256273e+08, 1.162927e+08, 1.269280e+08, 1.213896e+08, 1.179939e+08
0.0196, 1.202456e+08, 1.235422e+08, 1.184541e+08, 1.286389e+08, 1.146890e+08, 1.238281e+08, 1.149426e+08, 1.200880e+08, 1.299600e+08, 1.287291e+08, 1.257570e+08, 1.163831e+08, 1.270722e+08, 1.215128e+08, 1.180957e+08
0.0197, 1.203588e+08, 1.236619e+08, 1.185615e+08, 1.287790e+08, 1.147740e+08, 1.239522e+08, 1.150328e+08, 1.201978e+08, 1.301060e+08, 1.288699e+08, 1.258865e+08, 1.164734e+08, 1.272163e+08, 1.216360e+08, 1.181974e+08
0.0198, 1.204721e+08, 1.237815e+08, 1.186689e+08, 1.289190e+08, 1.148590e+08, 1.240762e+08, 1.151229e+08, 1.203076e+08, 1.302518e+08, 1.290105e+08, 1.260159e+08, 1.165638e+08, 1.273602e+08, 1.217592e+08, 1.182991e+08
0.0199, 1.205852e+08, 1.239010e+08, 1.187763e+08, 1.290588e+08, 1.149440e+08, 1.242001e+08, 1.152131e+08, 1.204173e+08, 1.303974e+08, 1.291510e+08, 1.261452e+08, 1.166540e+08, 1.275040e+08, 1.218824e+08, 1.184008e+08
0.02, 1.206984e+08, 1.240204e+08, 1.188836e+08, 1.291985e+08, 1.150290e+08, 1.243238e+08, 1.153032e+08, 1.205270e+08, 1.305429e+08, 1.292914e+08, 1.262743e+08, 1.167443e+08, 1.276477e+08, 1.220055e+08, 1.185025e+08
0.0201, 1.208115e+08, 1.241397e+08, 1.189910e+08, 1.293380e+08, 1.151140e+08, 1.244475e+08, 1.153934e+08, 1.206366e+08, 1.306882e+08, 1.294316e+08, 1.264034e+08, 1.168345e+08, 1.277912e+08, 1.221285e+08, 1.186041e+08
0.0202, 1.209245e+08, 1.242590e+08, 1.190983e+08, 1.294774e+08, 1.151990e+08, 1.245711e+08, 1.154835e+08, 1.207462e+08, 1.308333e+08, 1.295717e+08, 1.265323e+08, 1.169248e+08, 1.279347e+08, 1.222515e+08, 1.187058e+08
0.0203, 1.210375e+08, 1.243781e+08, 1.192055e+08, 1.296166e+08, 1.152840e+08, 1.246945e+08, 1.155736e+08, 1.208557e+08, 1.309783e+08, 1.297116e+08, 1.266611e+08, 1.170149e+08, 1.280779e+08, 1.223745e+08, 1.188074e+08
0.0204, 1.211504e+08, 1.244972e+08, 1.193128e+08, 1.297557e+08, 1.153689e+08, 1.248178e+08, 1.156638e+08, 1.209652e+08, 1.311230e+08, 1.298513e+08, 1.267897e+08, 1.171051e+08, 1.282211e+08, 1.224974e+08, 1.189090e+08
0.0205, 1.212633e+08, 1.246161e+08, 1.194200e+08, 1.298946e+08, 1.154539e+08, 1.249411e+08, 1.157539e+08, 1.210747e+08, 1.312677e+08, 1.299909e+08, 1.269182e+08, 1.171952e+08, 1.283641e+08, 1.226203e+08, 1.190106e+08
0.0206, 1.213762e+08, 1.247350e+08, 1.195272e+08, 1.300334e+08, 1.155389e+08, 1.250642e+08, 1.158440e+08, 1.211841e+08, 1.314121e+08, 1.301304e+08, 1.270466e+08, 1.172853e+08, 1.285069e+08, 1.227431e+08, 1.191122e+08
0.0207, 1.214890e+08, 1.248538e+08, 1.196344e+08, 1.301721e+08, 1.156239e+08, 1.251871e+08, 1.159341e+08, 1.212935e+08, 1.315564e+08, 1.302697e+08, 1.271749e+08, 1.173754e+08, 1.286496e+08, 1.228659e+08, 1.192138e+08
0.0208, 1.216017e+08, 1.249725e+08, 1.197415e+08, 1.303106e+08, 1.157089e+08, 1.253100e+08, 1.160243e+08, 1.214028e+08, 1.317005e+08, 1.304088e+08, 1.273031e+08, 1.174654e+08, 1.287922e+08, 1.229886e+08, 1.193153e+08
0.0209, 1.217144e+08, 1.250911e+08, 1.198486e+08, 1.304490e+08, 1.157939e+08, 1.254328e+08, 1.161144e+08, 1.215120e+08, 1.318445e+08, 1.305478e+08, 1.274311e+08, 1.175554e+08, 1.289347e+08, 1.231113e+08, 1.194168e+08
0.021, 1.218271e+08, 1.252097e+08, 1.199557e+08, 1.305872e+08, 1.158789e+08, 1.255555e+08, 1.162045e+08, 1.216212e+08, 1.319883e+08, 1.306867e+08, 1.275590e+08, 1.176454e+08, 1.290770e+08, 1.232339e+08, 1.195183e+08
0.0211, 1.219397e+08, 1.253281e+08, 1.200627e+08, 1.307253e+08, 1.159639e+08, 1.256780e+08, 1.162946e+08, 1.217304e+08, 1.321319e+08, 1.308254e+08, 1.276868e+08, 1.177354e+08, 1.292192e+08, 1.233565e+08, 1.196198e+08
0.0212, 1.220523e+08, 1.254465e+08, 1.201698e+08, 1.308633e+08, 1.160488e+08, 1.258005e+08, 1.163847e+08, 1.218395e+08, 1.322754e+08, 1.309640e+08, 1.278145e+08, 1.178253e+08, 1.293613e+08, 1.234791e+08, 1.197212e+08
0.0213, 1.221648e+08, 1.255647e+08, 1.202768e+08, 1.310011e+08, 1.161338e+08, 1.259228e+08, 1.164748e+08, 1.219486e+08, 1.324187e+08, 1.311024e+08, 1.279420e+08, 1.179152e+08, 1.295032e+08, 1.236016e+08, 1.198227e+08
0.0214, 1.222772e+08, 1.256829e+08, 1.203837e+08, 1.311387e+08, 1.162188e+08, 1.260450e+08, 1.165649e+08, 1.220576e+08, 1.325618e+08, 1.312407e+08, 1.280695e+08, 1.180051e+08, 1.296450e+08, 1.237241e+08, 1.199241e+08
0.0215, 1.223896e+08, 1.258010e+08, 1.204907e+08, 1.312762e+08, 1.163038e+08, 1.261671e+08, 1.166549e+08, 1.221666e+08, 1.327048e+08, 1.313788e+08, 1.281968e+08, 1.180949e+08, 1.297866e+08, 1.238465e+08, 1.200255e+08
0.0216, 1.225020e+08, 1.259190e+08, 1.205976e+08, 1.314136e+08, 1.163887e+08, 1.262891e+08, 1.167450e+08, 1.222755e+08, 1.328476e+08, 1.315168e+08, 1.283239e+08, 1.181848e+08, 1.299281e+08, 1.239688e+08, 1.201269e+08
0.0217, 1.226143e+08, 1.260370e+08, 1.207044e+08, 1.315509e+08, 1.164737e+08, 1.264110e+08, 1.168351e+08, 1.223844e+08, 1.329902e+08, 1.316547e+08, 1.284510e+08, 1.182745e+08, 1.300695e+08, 1.240911e+08, 1.202282e+08
0.0218, 1.227266e+08, 1.261548e+08, 1.208113e+08, 1.316880e+08, 1.165587e+08, 1.265328e+08, 1.169251e+08, 1.224932e+08, 1.331327e+08, 1.317924e+08, 1.285779e+08, 1.183643e+08, 1.302108e+08, 1.242134e+08, 1.203295e+08
0.0219, 1.228388e+08, 1.262725e+08, 1.209181e+08, 1.318249e+08, 1.166436e+08, 1.266544e+08, 1.170151e+08, 1.226020e+08, 1.332751e+08, 1.319299e+08, 1.287048e+08, 1.184540e+08, 1.303519e+08, 1.243356e+08, 1.204308e+08
0.022, 1.229509e+08, 1.263902e+08, 1.210249e+08, 1.319618e+08, 1.167285e+08, 1.267760e+08, 1.171052e+08, 1.227107e+08, 1.334172e+08, 1.320673e+08, 1.288315e+08, 1.185437e+08, 1.304929e+08, 1.244578e+08, 1.205321e+08
0.0221, 1.230630e+08, 1.265078e+08, 1.211316e+08, 1.320985e+08, 1.168135e+08, 1.268974e+08, 1.171952e+08, 1.228193e+08, 1.335592e+08, 1.322046e+08, 1.289581e+08, 1.186334e+08, 1.306337e+08, 1.245799e+08, 1.206334e+08
0.0222, 1.231751e+08, 1.266253e+08, 1.212383e+08, 1.322350e+08, 1.168984e+08, 1.270188e+08, 1.172852e+08, 1.229280e+08, 1.337011e+08, 1.323417e+08, 1.290845e+08, 1.187231e+08, 1.307744e+08, 1.247019e+08, 1.207346e+08
0.0223, 1.232871e+08, 1.267427e+08, 1.213450e+08, 1.323714e+08, 1.169834e+08, 1.271400e+08, 1.173752e+08, 1.230365e+08, 1.338428e+08, 1.324787e+08, 1.292109e+08, 1.188127e+08, 1.309150e+08, 1.248239e+08, 1.208359e+08
0.0224, 1.233990e+08, 1.268600e+08, 1.214516e+08, 1.325077e+08, 1.170683e+08, 1.272611e+08, 1.174652e+08, 1.231450e+08, 1.339843e+08, 1.326155e+08, 1.293371e+08, 1.189023e+08, 1.310555e+08, 1.249459e+08, 1.209370e+08
0.0225, 1.235109e+08, 1.269772e+08, 1.215582e+08, 1.326438e+08, 1.171532e+08, 1.273821e+08, 1.175552e+08, 1.232535e+08, 1.341257e+08, 1.327522e+08, 1.294632e+08, 1.189918e+08, 1.311958e+08, 1.250678e+08, 1.210382e+08
0.0226, 1.236227e+08, 1.270944e+08, 1.216648e+08, 1.327798e+08, 1.172381e+08, 1.275030e+08, 1.176451e+08, 1.233619e+08, 1.342669e+08, 1.328888e+08, 1.295892e+08, 1.190813e+08, 1.313360e+08, 1.251896e+08, 1.211394e+08
0.0227, 1.237345e+08, 1.272114e+08, 1.217713e+08, 1.329157e+08, 1.173230e+08, 1.276238e+08, 1.177351e+08, 1.234703e+08, 1.344079e+08, 1.330252e+08, 1.297151e+08, 1.191708e+08, 1.314760e+08, 1.253114e+08, 1.212405e+08
0.0228, 1.238463e+08, 1.273284e+08, 1.218779e+08, 1.330514e+08, 1.174079e+08, 1.277445e+08, 1.178250e+08, 1.235786e+08, 1.345488e+08, 1.331614e+08, 1.298408e+08, 1.192603e+08, 1.316159e+08, 1.254332e+08, 1.213416e+08
0.0229, 1.239579e+08, 1.274453e+08, 1.219843e+08, 1.331870e+08, 1.174928e+08, 1.278651e+08, 1.179149e+08, 1.236868e+08, 1.346896e+08, 1.332976e+08, 1.299664e+08, 1.193497e+08, 1.317557e+08, 1.255549e+08, 1.214427e+08
0.023, 1.240696e+08, 1.275621e+08, 1.220908e+08, 1.333225e+08, 1.175777e+08, 1.279856e+08, 1.180048e+08, 1.237950e+08, 1.348302e+08, 1.334336e+08, 1.300920e+08, 1.194392e+08, 1.318954e+08, 1.256765e+08, 1.215437e+08
0.0231, 1.241812e+08, 1.276788e+08, 1.221972e+08, 1.334578e+08, 1.176625e+08, 1.281059e+08, 1.180947e+08, 1.239032e+08, 1.349706e+08, 1.335694e+08, 1.302174e+08, 1.195285e+08, 1.320349e+08, 1.257981e+08, 1.216447e+08
0.0232, 1.242927e+08, 1.277955e+08, 1.223035e+08, 1.335930e+08, 1.177474e+08, 1.282262e+08, 1.181846e+08, 1.240113e+08, 1.351109e+08, 1.337051e+08, 1.303427e+08, 1.196179e+08, 1.321743e+08, 1.259196e+08, 1.217457e+08
0.0233, 1.244041e+08, 1.279120e+08, 1.224098e+08, 1.337280e+08, 1.178322e+08, 1.283463e+08, 1.182745e+08, 1.241193e+08, 1.352510e+08, 1.338407e+08, 1.304678e+08, 1.197072e+08, 1.323135e+08, 1.260411e+08, 1.218467e+08
0.0234, 1.245156e+08, 1.280285e+08, 1.225161e+08, 1.338630e+08, 1.179171e+08, 1.284664e+08, 1.183643e+08, 1.242273e+08, 1.353910e+08, 1.339761e+08, 1.305929e+08, 1.197965e+08, 1.324526e+08, 1.261625e+08, 1.219476e+08
0.0235, 1.246269e+08, 1.281448e+08, 1.226224e+08, 1.339977e+08, 1.180019e+08, 1.285863e+08, 1.184542e+08, 1.243353e+08, 1.355308e+08, 1.341114e+08, 1.307178e+08, 1.198858e+08, 1.325916e+08, 1.262839e+08, 1.220486e+08
0.0236, 1.247382e+08, 1.282611e+08, 1.227286e+08, 1.341324e+08, 1.180867e+08, 1.287061e+08, 1.185440e+08, 1.244431e+08, 1.356704e+08, 1.342466e+08, 1.308426e+08, 1.199750e+08, 1.327305e+08, 1.264052e+08, 1.221494e+08
0.0237, 1.248495e+08, 1.283773e+08, 1.228348e+08, 1.342669e+08, 1.181716e+08, 1.288258e+08, 1.186338e+08, 1.245510e+08, 1.358100e+08, 1.343816e+08, 1.309674e+08, 1.200642e+08, 1.328692e+08, 1.265265e+08, 1.222503e+08
0.0238, 1.249607e+08, 1.284935e+08, 1.229409e+08, 1.344013e+08, 1.182564e+08, 1.289454e+08, 1.187236e+08, 1.246587e+08, 1.359493e+08, 1.345165e+08, 1.310919e+08, 1.201534e+08, 1.330078e+08, 1.266477e+08, 1.223511e+08
0.0239, 1.250718e+08, 1.286095e+08, 1.230470e+08, 1.345355e+08, 1.183412e+08, 1.290649e+08, 1.188134e+08, 1.247665e+08, 1.360885e+08, 1.346512e+08, 1.312164e+08, 1.202425e+08, 1.331462e+08, 1.267688e+08, 1.224520e+08
0.024, 1.251829e+08, 1.287255e+08, 1.231531e+08, 1.346697e+08, 1.184259e+08, 1.291843e+08, 1.189031e+08, 1.248741e+08, 1.362276e+08, 1.347858e+08, 1.313408e+08, 1.203316e+08, 1.332846e+08, 1.268899e+08, 1.225527e+08
0.0241, 1.252939e+08, 1.288413e+08, 1.232591e+08, 1.348037e+08, 1.185107e+08, 1.293036e+08, 1.189929e+08, 1.249817e+08, 1.363665e+08, 1.349203e+08, 1.314650e+08, 1.204207e+08, 1.334227e+08, 1.270110e+08, 1.226535e+08
0.0242, 1.254049e+08, 1.289571e+08, 1.233651e+08, 1.349375e+08, 1.185955e+08, 1.294228e+08, 1.190826e+08, 1.250893e+08, 1.365052e+08, 1.350546e+08, 1.315892e+08, 1.205097e+08, 1.335608e+08, 1.271319e+08, 1.227542e+08
0.0243, 1.255158e+08, 1.290728e+08, 1.234710e+08, 1.350712e+08, 1.186802e+08, 1.295418e+08, 1.191723e+08, 1.251968e+08, 1.366438e+08, 1.351888e+08, 1.317132e+08, 1.205987e+08, 1.336987e+08, 1.272528e+08, 1.228549e+08
0.0244, 1.256267e+08, 1.291884e+08, 1.235769e+08, 1.352048e+08, 1.187649e+08, 1.296608e+08, 1.192620e+08, 1.253042e+08, 1.367823e+08, 1.353228e+08, 1.318371e+08, 1.206877e+08, 1.338365e+08, 1.273737e+08, 1.229556e+08
0.0245, 1.257375e+08, 1.293040e+08, 1.236828e+08, 1.353383e+08, 1.188497e+08, 1.297796e+08, 1.193517e+08, 1.254116e+08, 1.369206e+08, 1.354568e+08, 1.319609e+08, 1.207767e+08, 1.339742e+08, 1.274945e+08, 1.230562e+08
0.0246, 1.258483e+08, 1.294194e+08, 1.237886e+08, 1.354716e+08, 1.189344e+08, 1.298984e+08, 1.194413e+08, 1.255190e+08, 1.370587e+08, 1.355905e+08, 1.320846e+08, 1.208656e+08, 1.341117e+08, 1.276153e+08, 1.231568e+08
0.0247, 1.259590e+08, 1.295348e+08, 1.238944e+08, 1.356048e+08, 1.190191e+08, 1.300170e+08, 1.195310e+08, 1.256262e+08, 1.371967e+08, 1.357242e+08, 1.322082e+08, 1.209545e+08, 1.342491e+08, 1.277360e+08, 1.232574e+08
0.0248, 1.260696e+08, 1.296500e+08, 1.240001e+08, 1.357379e+08, 1.191038e+08, 1.301356e+08, 1.196206e+08, 1.257335e+08, 1.373346e+08, 1.358577e+08, 1.323316e+08, 1.210434e+08, 1.343864e+08, 1.278566e+08, 1.233580e+08
0.0249, 1.261802e+08, 1.297652e+08, 1.241058e+08, 1.358708e+08, 1.191884e+08, 1.302540e+08, 1.197102e+08, 1.258406e+08, 1.374723e+08, 1.359911e+08, 1.324550e+08, 1.211322e+08, 1.345236e+08, 1.279772e+08, 1.234585e+08
0.025, 1.262907e+08, 1.298803e+08, 1.242115e+08, 1.360037e+08, 1.192731e+08, 1.303723e+08, 1.197998e+08, 1.259477e+08, 1.376099e+08, 1.361243e+08, 1.325782e+08, 1.212210e+08, 1.346606e+08, 1.280977e+08, 1.235590e+08
0.0251, 1.264012e+08, 1.299954e+08, 1.243171e+08, 1.361363e+08, 1.193577e+08, 1.304905e+08, 1.198893e+08, 1.260548e+08, 1.377473e+08, 1.362574e+08, 1.327013e+08, 1.213098e+08, 1.347975e+08, 1.282181e+08, 1.236595e+08
0.0252, 1.265116e+08, 1.301103e+08, 1.244227e+08, 1.362689e+08, 1.194424e+08, 1.306086e+08, 1.199788e+08, 1.261618e+08, 1.378845e+08, 1.363904e+08, 1.328243e+08, 1.213985e+08, 1.349342e+08, 1.283385e+08, 1.237599e+08
0.0253, 1.266220e+08, 1.302252e+08, 1.245282e+08, 1.364013e+08, 1.195270e+08, 1.307266e+08, 1.200684e+08, 1.262687e+08, 1.380216e+08, 1.365233e+08, 1.329472e+08, 1.214872e+08, 1.350708e+08, 1.284589e+08, 1.238603e+08
0.0254, 1.267323e+08, 1.303399e+08, 1.246337e+08, 1.365336e+08, 1.196116e+08, 1.308445e+08, 1.201578e+08, 1.263756e+08, 1.381586e+08, 1.366560e+08, 1.330700e+08, 1.215759e+08, 1.352073e+08, 1.285791e+08, 1.239607e+08
0.0255, 1.268425e+08, 1.304546e+08, 1.247392e+08, 1.366658e+08, 1.196962e+08, 1.309623e+08, 1.202473e+08, 1.264825e+08, 1.382954e+08, 1.367885e+08, 1.331927e+08, 1.216645e+08, 1.353437e+08, 1.286994e+08, 1.240610e+08
0.0256, 1.269527e+08, 1.305692e+08, 1.248446e+08, 1.367978e+08, 1.197807e+08, 1.310800e+08, 1.203368e+08, 1.265892e+08, 1.384321e+08, 1.369210e+08, 1.333153e+08, 1.217531e+08, 1.354799e+08, 1.288195e+08, 1.241613e+08
0.0257, 1.270628e+08, 1.306838e+08, 1.249500e+08, 1.369297e+08, 1.198653e+08, 1.311976e+08, 1.204262e+08, 1.266959e+08, 1.385687e+08, 1.370533e+08, 1.334377e+08, 1.218417e+08, 1.356160e+08, 1.289396e+08, 1.242616e+08
0.0258, 1.271729e+08, 1.307982e+08, 1.250553e+08, 1.370615e+08, 1.199498e+08, 1.313151e+08, 1.205156e+08, 1.268026e+08, 1.387051e+08, 1.371855e+08, 1.335601e+08, 1.219302e+08, 1.357520e+08, 1.290597e+08, 1.243618e+08
0.0259, 1.272829e+08, 1.309126e+08, 1.251606e+08, 1.371932e+08, 1.200344e+08, 1.314324e+08, 1.206050e+08, 1.269092e+08, 1.388413e+08, 1.373175e+08, 1.336823e+08, 1.220188e+08, 1.358878e+08, 1.291796e+08, 1.244620e+08
0.026, 1.273929e+08, 1.310268e+08, 1.252658e+08, 1.373247e+08, 1.201189e+08, 1.315497e+08, 1.206944e+08, 1.270157e+08, 1.389774e+08, 1.374495e+08, 1.338045e+08, 1.221072e+08, 1.360235e+08, 1.292996e+08, 1.245622e+08
0.0261, 1.275028e+08, 1.311410e+08, 1.253710e+08, 1.374561e+08, 1.202034e+08, 1.316669e+08, 1.207837e+08, 1.271222e+08, 1.391134e+08, 1.375812e+08, 1.339265e+08, 1.221957e+08, 1.361591e+08, 1.294194e+08, 1.246624e+08
0.0262, 1.276126e+08, 1.312551e+08, 1.254761e+08, 1.375874e+08, 1.202878e+08, 1.317839e+08, 1.208730e+08, 1.272286e+08, 1.392492e+08, 1.377129e+08, 1.340484e+08, 1.222841e+08, 1.362946e+08, 1.295392e+08, 1.247625e+08
0.0263, 1.277224e+08, 1.313692e+08, 1.255813e+08, 1.377186e+08, 1.203723e+08, 1.319009e+08, 1.209623e+08, 1.273350e+08, 1.393849e+08, 1.378444e+08, 1.341702e+08, 1.223725e+08, 1.364299e+08, 1.296589e+08, 1.248626e+08
0.0264, 1.278321e+08, 1.314831e+08, 1.256863e+08, 1.378496e+08, 1.204567e+08, 1.320177e+08, 1.210516e+08, 1.274413e+08, 1.395204e+08, 1.379758e+08, 1.342919e+08, 1.224608e+08, 1.365651e+08, 1.297786e+08, 1.249626e+08
0.0265, 1.279418e+08, 1.315970e+08, 1.257913e+08, 1.379805e+08, 1.205412e+08, 1.321345e+08, 1.211408e+08, 1.275476e+08, 1.396558e+08, 1.381071e+08, 1.344135e+08, 1.225492e+08, 1.367002e+08, 1.298982e+08, 1.250626e+08
0.0266, 1.280514e+08, 1.317107e+08, 1.258963e+08, 1.381113e+08, 1.206256e+08, 1.322511e+08, 1.212300e+08, 1.276538e+08, 1.397911e+08, 1.382382e+08, 1.345349e+08, 1.226374e+08, 1.368351e+08, 1.300178e+08, 1.251626e+08
0.0267, 1.281610e+08, 1.318244e+08, 1.260012e+08, 1.382419e+08, 1.207100e+08, 1.323676e+08, 1.213192e+08, 1.277599e+08, 1.399262e+08, 1.383692e+08, 1.346563e+08, 1.227257e+08, 1.369699e+08, 1.301373e+08, 1.252626e+08
0.0268, 1.282704e+08, 1.319380e+08, 1.261061e+08, 1.383725e+08, 1.207943e+08, 1.324840e+08, 1.214084e+08, 1.278660e+08, 1.400611e+08, 1.385001e+08, 1.347776e+08, 1.228139e+08, 1.371046e+08, 1.302567e+08, 1.253625e+08
0.0269, 1.283799e+08, 1.320516e+08, 1.262109e+08, 1.385029e+08, 1.208787e+08, 1.326004e+08, 1.214976e+08, 1.279720e+08, 1.401960e+08, 1.386308e+08, 1.348987e+08, 1.229021e+08, 1.372391e+08, 1.303760e+08, 1.254623e+08
0.027, 1.284893e+08, 1.321650e+08, 1.263157e+08, 1.386332e+08, 1.209630e+08, 1.327166e+08, 1.215867e+08, 1.280779e+08, 1.403307e+08, 1.387614e+08, 1.350198e+08, 1.229903e+08, 1.373736e+08, 1.304953e+08, 1.255622e+08
0.0271, 1.285986e+08, 1.322784e+08, 1.264205e+08, 1.387633e+08, 1.210473e+08, 1.328327e+08, 1.216758e+08, 1.281838e+08, 1.404652e+08, 1.388919e+08, 1.351407e+08, 1.230784e+08, 1.375079e+08, 1.306146e+08, 1.256620e+08
0.0272, 1.287078e+08, 1.323916e+08, 1.265252e+08, 1.388934e+08, 1.211316e+08, 1.329487e+08, 1.217649e+08, 1.282897e+08, 1.405996e+08, 1.390223e+08, 1.352615e+08, 1.231665e+08, 1.376420e+08, 1.307337e+08, 1.257618e+08
0.0273, 1.288170e+08, 1.325048e+08, 1.266298e+08, 1.390233e+08, 1.212159e+08, 1.330646e+08, 1.218539e+08, 1.283954e+08, 1.407339e+08, 1.391525e+08, 1.353822e+08, 1.232545e+08, 1.377761e+08, 1.308528e+08, 1.258615e+08
0.0274, 1.289262e+08, 1.326179e+08, 1.267344e+08, 1.391531e+08, 1.213002e+08, 1.331804e+08, 1.219429e+08, 1.285011e+08, 1.408680e+08, 1.392826e+08, 1.355028e+08, 1.233426e+08, 1.379100e+08, 1.309719e+08, 1.259612e+08
0.0275, 1.290352e+08, 1.327310e+08, 1.268390e+08, 1.392827e+08, 1.213844e+08, 1.332961e+08, 1.220319e+08, 1.286068e+08, 1.410020e+08, 1.394126e+08, 1.356234e+08, 1.234306e+08, 1.380438e+08, 1.310909e+08, 1.260609e+08
0.0276, 1.291442e+08, 1.328439e+08, 1.269435e+08, 1.394123e+08, 1.214686e+08, 1.334117e+08, 1.221209e+08, 1.287124e+08, 1.411359e+08, 1.395425e+08, 1.357438e+08, 1.235185e+08, 1.381774e+08, 1.312098e+08, 1.261605e+08
0.0277, 1.292532e+08, 1.329568e+08, 1.270480e+08, 1.395417e+08, 1.215528e+08, 1.335272e+08, 1.222098e+08, 1.288179e+08, 1.412696e+08, 1.396722e+08, 1.358640e+08, 1.236064e+08, 1.383109e+08, 1.313286e+08, 1.262601e+08
0.0278, 1.293621e+08, 1.330696e+08, 1.271524e+08, 1.396710e+08, 1.216370e+08, 1.336426e+08, 1.222988e+08, 1.289234e+08, 1.414032e+08, 1.398018e+08, 1.359842e+08, 1.236943e+08, 1.384443e+08, 1.314474e+08, 1.263597e+08
0.0279, 1.294709e+08, 1.331823e+08, 1.272567e+08, 1.398002e+08, 1.217212e+08, 1.337579e+08, 1.223876e+08, 1.290288e+08, 1.415366e+08, 1.399312e+08, 1.361043e+08, 1.237822e+08, 1.385776e+08, 1.315661e+08, 1.264592e+08
0.028, 1.295797e+08, 1.332949e+08, 1.273611e+08, 1.399292e+08, 1.218053e+08, 1.338731e+08, 1.224765e+08, 1.291342e+08, 1.416699e+08, 1.400606e+08, 1.362243e+08, 1.238700e+08, 1.387108e+08, 1.316848e+08, 1.265587e+08
0.0281, 1.296884e+08, 1.334074e+08, 1.274653e+08, 1.400582e+08, 1.218895e+08, 1.339882e+08, 1.225653e+08, 1.292395e+08, 1.418031e+08, 1.401898e+08, 1.363442e+08, 1.239578e+08, 1.388438e+08, 1.318034e+08, 1.266582e+08
0.0282, 1.297971e+08, 1.335199e+08, 1.275696e+08, 1.401870e+08, 1.219736e+08, 1.341031e+08, 1.226541e+08, 1.293447e+08, 1.419361e+08, 1.403189e+08, 1.364639e+08, 1.240456e+08, 1.389767e+08, 1.319219e+08, 1.267576e+08
0.0283, 1.299057e+08, 1.336323e+08, 1.276737e+08, 1.403157e+08, 1.220576e+08, 1.342180e+08, 1.227429e+08, 1.294499e+08, 1.420690e+08, 1.404479e+08, 1.365836e+08, 1.241333e+08, 1.391095e+08, 1.320404e+08, 1.268569e+08
0.0284, 1.300142e+08, 1.337445e+08, 1.277779e+08, 1.404442e+08, 1.221417e+08, 1.343328e+08, 1.228317e+08, 1.295550e+08, 1.422018e+08, 1.405767e+08, 1.367031e+08, 1.242210e+08, 1.392421e+08, 1.321588e+08, 1.269563e+08
0.0285, 1.301227e+08, 1.338568e+08, 1.278820e+08, 1.405727e+08, 1.222257e+08, 1.344475e+08, 1.229204e+08, 1.296601e+08, 1.423344e+08, 1.407054e+08, 1.368226e+08, 1.243086e+08, 1.393746e+08, 1.322771e+08, 1.270556e+08
0.0286, 1.302311e+08, 1.339689e+08, 1.279860e+08, 1.407010e+08, 1.223097e+08, 1.345620e+08, 1.230091e+08, 1.297650e+08, 1.424669e+08, 1.408340e+08, 1.369419e+08, 1.243962e+08, 1.395070e+08, 1.323954e+08, 1.271549e+08
0.0287, 1.303395e+08, 1.340809e+08, 1.280900e+08, 1.408292e+08, 1.223937e+08, 1.346765e+08, 1.230978e+08, 1.298700e+08, 1.425992e+08, 1.409625e+08, 1.370612e+08, 1.244838e+08, 1.396393e+08, 1.325136e+08, 1.272541e+08
0.0288, 1.304478e+08, 1.341929e+08, 1.281939e+08, 1.409573e+08, 1.224777e+08, 1.347909e+08, 1.231864e+08, 1.299748e+08, 1.427315e+08, 1.410908e+08, 1.371803e+08, 1.245714e+08, 1.397714e+08, 1.326317e+08, 1.273533e+08
0.0289, 1.305560e+08, 1.343048e+08, 1.282978e+08, 1.410853e+08, 1.225617e+08, 1.349051e+08, 1.232750e+08, 1.300797e+08, 1.428636e+08, 1.412190e+08, 1.372993e+08, 1.246589e+08, 1.399034e+08, 1.327498e+08, 1.274524e+08
0.029, 1.306642e+08, 1.344166e+08, 1.284016e+08, 1.412131e+08, 1.226456e+08, 1.350193e+08, 1.233636e+08, 1.301844e+08, 1.429955e+08, 1.413471e+08, 1.374183e+08, 1.247464e+08, 1.400353e+08, 1.328678e+08, 1.275515e+08
0.0291, 1.307723e+08, 1.345283e+08, 1.285054e+08, 1.413409e+08, 1.227295e+08, 1.351334e+08, 1.234521e+08, 1.302891e+08, 1.431273e+08, 1.414751e+08, 1.375371e+08, 1.248338e+08, 1.401671e+08, 1.329857e+08, 1.276506e+08
0.0292, 1.308804e+08, 1.346399e+08, 1.286092e+08, 1.414685e+08, 1.228134e+08, 1.352473e+08, 1.235406e+08, 1.303937e+08, 1.432590e+08, 1.416030e+08, 1.376558e+08, 1.249213e+08, 1.402987e+08, 1.331036e+08, 1.277497e+08
0.0293, 1.309883e+08, 1.347515e+08, 1.287128e+08, 1.415960e+08, 1.228972e+08, 1.353612e+08, 1.236291e+08, 1.304983e+08, 1.433906e+08, 1.417307e+08, 1.377744e+08, 1.250086e+08, 1.404302e+08, 1.332214e+08, 1.278487e+08
0.0294, 1.310963e+08, 1.348630e+08, 1.288165e+08, 1.417234e+08, 1.229811e+08, 1.354749e+08, 1.237176e+08, 1.306028e+08, 1.435220e+08, 1.418583e+08, 1.378929e+08, 1.250960e+08, 1.405616e+08, 1.333391e+08, 1.279476e+08
0.0295, 1.312041e+08, 1.349743e+08, 1.289201e+08, 1.418506e+08, 1.230649e+08, 1.355886e+08, 1.238060e+08, 1.307072e+08, 1.436533e+08, 1.419858e+08, 1.380113e+08, 1.251833e+08, 1.406928e+08, 1.334568e+08, 1.280465e+08
0.0296, 1.313120e+08, 1.350857e+08, 1.290236e+08, 1.419778e+08, 1.231487e+08, 1.357021e+08, 1.238944e+08, 1.308116e+08, 1.437845e+08, 1.421131e+08, 1.381296e+08, 1.252706e+08, 1.408240e+08, 1.335744e+08, 1.281454e+08
0.0297, 1.314197e+08, 1.351969e+08, 1.291271e+08, 1.421048e+08, 1.232324e+08, 1.358156e+08, 1.239828e+08, 1.309159e+08, 1.439155e+08, 1.422404e+08, 1.382478e+08, 1.253578e+08, 1.409550e+08, 1.336919e+08, 1.282442e+08
0.0298, 1.315274e+08, 1.353080e+08, 1.292305e+08, 1.422317e+08, 1.233162e+08, 1.359289e+08, 1.240711e+08, 1.310201e+08, 1.440464e+08, 1.423675e+08, 1.383659e+08, 1.254450e+08, 1.410859e+08, 1.338094e+08, 1.283430e+08
0.0299, 1.316350e+08, 1.354191e+08, 1.293339e+08, 1.423585e+08, 1.233999e+08, 1.360422e+08, 1.241594e+08, 1.311243e+08, 1.441772e+08, 1.424945e+08, 1.384839e+08, 1.255322e+08, 1.412166e+08, 1.339268e+08, 1.284418e+08
0.03, 1.317426e+08, 1.355301e+08, 1.294372e+08, 1.424852e+08, 1.234836e+08, 1.361553e+08, 1.242477e+08, 1.312284e+08, 1.443078e+08, 1.426213e+08, 1.386018e+08, 1.256193e+08, 1.413473e+08, 1.340441e+08, 1.285405e+08
0.0301, 1.318501e+08, 1.356410e+08, 1.295405e+08, 1.426117e+08, 1.235672e+08, 1.362684e+08, 1.243359e+08, 1.313325e+08, 1.444383e+08, 1.427481e+08, 1.387196e+08, 1.257064e+08, 1.414778e+08, 1.341614e+08, 1.286392e+08
0.0302, 1.319575e+08, 1.357518e+08, 1.296438e+08, 1.427382e+08, 1.236509e+08, 1.363813e+08, 1.244241e+08, 1.314365e+08, 1.445687e+08, 1.428747e+08, 1.388373e+08, 1.257935e+08, 1.416082e+08, 1.342786e+08, 1.287378e+08
0.0303, 1.320649e+08, 1.358626e+08, 1.297469e+08, 1.428645e+08, 1.237345e+08, 1.364942e+08, 1.245123e+08, 1.315404e+08, 1.446990e+08, 1.430012e+08, 1.389549e+08, 1.258805e+08, 1.417384e+08, 1.343957e+08, 1.288364e+08
0.0304, 1.321722e+08, 1.359732e+08, 1.298501e+08, 1.429907e+08, 1.238181e+08, 1.366069e+08, 1.246005e+08, 1.316443e+08, 1.448291e+08, 1.431276e+08, 1.390724e+08, 1.259675e+08, 1.418686e+08, 1.345128e+08, 1.289350e+08
0.0305, 1.322795e+08, 1.360838e+08, 1.299532e+08, 1.431168e+08, 1.239016e+08, 1.367195e+08, 1.246886e+08, 1.317481e+08, 1.449591e+08, 1.432539e+08, 1.391897e+08, 1.260545e+08, 1.419986e+08, 1.346298e+08, 1.290335e+08
0.0306, 1.323867e+08, 1.361943e+08, 1.300562e+08, 1.432427e+08, 1.239852e+08, 1.368321e+08, 1.247767e+08, 1.318519e+08, 1.450889e+08, 1.433800e+08, 1.393070e+08, 1.261414e+08, 1.421285e+08, 1.347467e+08, 1.291320e+08
0.0307, 1.324938e+08, 1.363047e+08, 1.301592e+08, 1.433686e+08, 1.240687e+08, 1.369445e+08, 1.248647e+08, 1.319556e+08, 1.452187e+08, 1.435061e+08, 1.394242e+08, 1.262283e+08, 1.422583e+08, 1.348636e+08, 1.292304e+08
0.0308, 1.326009e+08, 1.364151e+08, 1.302621e+08, 1.434944e+08, 1.241522e+08, 1.370569e+08, 1.249527e+08, 1.320592e+08, 1.453483e+08, 1.436320e+08, 1.395413e+08, 1.263151e+08, 1.423879e+08, 1.349804e+08, 1.293288e+08
0.0309, 1.327079e+08, 1.365253e+08, 1.303649e+08, 1.436200e+08, 1.242357e+08, 1.371691e+08, 1.250407e+08, 1.321627e+08, 1.454778e+08, 1.437578e+08, 1.396583e+08, 1.264020e+08, 1.425174e+08, 1.350971e+08, 1.294272e+08
0.031, 1.328148e+08, 1.366355e+08, 1.304678e+08, 1.437455e+08, 1.243191e+08, 1.372813e+08, 1.251287e+08, 1.322662e+08, 1.456071e+08, 1.438834e+08, 1.397751e+08, 1.264887e+08, 1.426468e+08, 1.352137e+08, 1.295255e+08
0.0311, 1.329217e+08, 1.367456e+08, 1.305705e+08, 1.438709e+08, 1.244025e+08, 1.373933e+08, 1.252166e+08, 1.323697e+08, 1.457363e+08, 1.440090e+08, 1.398919e+08, 1.265755e+08, 1.427761e+08, 1.353303e+08, 1.296237e+08
0.0312, 1.330285e+08, 1.368556e+08, 1.306732e+08, 1.439962e+08, 1.244859e+08, 1.375053e+08, 1.253045e+08, 1.324730e+08, 1.458654e+08, 1.441344e+08, 1.400086e+08, 1.266622e+08, 1.429053e+08, 1.354468e+08, 1.297220e+08
0.0313, 1.331353e+08, 1.369656e+08, 1.307759e+08, 1.441213e+08, 1.245693e+08, 1.376171e+08, 1.253923e+08, 1.325763e+08, 1.459944e+08, 1.442597e+08, 1.401252e+08, 1.267489e+08, 1.430343e+08, 1.355633e+08, 1.298201e+08
0.0314, 1.332420e+08, 1.370754e+08, 1.308785e+08, 1.442464e+08, 1.246526e+08, 1.377288e+08, 1.254801e+08, 1.326796e+08, 1.461233e+08, 1.443849e+08, 1.402416e+08, 1.268355e+08, 1.431632e+08, 1.356796e+08, 1.299183e+08
0.0315, 1.333486e+08, 1.371852e+08, 1.309811e+08, 1.443713e+08, 1.247359e+08, 1.378405e+08, 1.255679e+08, 1.327827e+08, 1.462520e+08, 1.445100e+08, 1.403580e+08, 1.269221e+08, 1.432920e+08, 1.357959e+08, 1.300164e+08
0.0316, 1.334552e+08, 1.372949e+08, 1.310836e+08, 1.444962e+08, 1.248192e+08, 1.379520e+08, 1.256557e+08, 1.328859e+08, 1.463806e+08, 1.446350e+08, 1.404743e+08, 1.270087e+08, 1.434207e+08, 1.359122e+08, 1.301144e+08
0.0317, 1.335617e+08, 1.374045e+08, 1.311860e+08, 1.446209e+08, 1.249024e+08, 1.380635e+08, 1.257434e+08, 1.329889e+08, 1.465090e+08, 1.447598e+08, 1.405905e+08, 1.270952e+08, 1.435492e+08, 1.360283e+08, 1.302124e+08
0.0318, 1.336681e+08, 1.375140e+08, 1.312884e+08, 1.447455e+08, 1.249856e+08, 1.381748e+08, 1.258311e+08, 1.330919e+08, 1.466374e+08, 1.448845e+08, 1.407065e+08, 1.271817e+08, 1.436776e+08, 1.361444e+08, 1.303104e+08
0.0319, 1.337745e+08, 1.376235e+08, 1.313908e+08, 1.448700e+08, 1.250688e+08, 1.382861e+08, 1.259187e+08, 1.331948e+08, 1.467656e+08, 1.450091e+08, 1.408225e+08, 1.272682e+08, 1.438059e+08, 1.362604e+08, 1.304083e+08
0.032, 1.338808e+08, 1.377329e+08, 1.314931e+08, 1.449943e+08, 1.251520e+08, 1.383972e+08, 1.260063e+08, 1.332977e+08, 1.468937e+08, 1.451336e+08, 1.409384e+08, 1.273546e+08, 1.439341e+08, 1.363764e+08, 1.305062e+08
0.0321, 1.339871e+08, 1.378422e+08, 1.315953e+08, 1.451186e+08, 1.252351e+08, 1.385083e+08, 1.260939e+08, 1.334005e+08, 1.470217e+08, 1.452580e+08, 1.410542e+08, 1.274410e+08, 1.440622e+08, 1.364923e+08, 1.306041e+08
0.0322, 1.340933e+08, 1.379514e+08, 1.316975e+08, 1.452428e+08, 1.253183e+08, 1.386192e+08, 1.261814e+08, 1.335032e+08, 1.471495e+08, 1.453822e+08, 1.411698e+08, 1.275273e+08, 1.441901e+08, 1.366081e+08, 1.307019e+08
0.0323, 1.341994e+08, 1.380605e+08, 1.317996e+08, 1.453668e+08, 1.254013e+08, 1.387301e+08, 1.262689e+08, 1.336058e+08, 1.472772e+08, 1.455064e+08, 1.412854e+08, 1.276136e+08, 1.443179e+08, 1.367238e+08, 1.307996e+08
0.0324, 1.343055e+08, 1.381696e+08, 1.319017e+08, 1.454907e+08, 1.254844e+08, 1.388409e+08, 1.263564e+08, 1.337084e+08, 1.474048e+08, 1.456304e+08, 1.414009e+08, 1.276999e+08, 1.444456e+08, 1.368395e+08, 1.308973e+08
0.0325, 1.344115e+08, 1.382785e+08, 1.320037e+08, 1.456145e+08, 1.255674e+08, 1.389515e+08, 1.264438e+08, 1.338110e+08, 1.475323e+08, 1.457543e+08, 1.415163e+08, 1.277861e+08, 1.445732e+08, 1.369551e+08, 1.309950e+08
0.0326, 1.345174e+08, 1.383874e+08, 1.321057e+08, 1.457382e+08, 1.256504e+08, 1.390621e+08, 1.265312e+08, 1.339134e+08, 1.476596e+08, 1.458781e+08, 1.416315e+08, 1.278723e+08, 1.447007e+08, 1.370707e+08, 1.310926e+08
0.0327, 1.346233e+08, 1.384963e+08, 1.322076e+08, 1.458618e+08, 1.257334e+08, 1.391725e+08, 1.266186e+08, 1.340158e+08, 1.477869e+08, 1.460018e+08, 1.417467e+08, 1.279585e+08, 1.448280e+08, 1.371861e+08, 1.311902e+08
0.0328, 1.347291e+08, 1.386050e+08, 1.323094e+08, 1.459853e+08, 1.258163e+08, 1.392829e+08, 1.267059e+08, 1.341182e+08, 1.479140e+08, 1.461254e+08, 1.418618e+08, 1.280446e+08, 1.449552e+08, 1.373015e+08, 1.312877e+08
0.0329, 1.348349e+08, 1.387136e+08, 1.324112e+08, 1.461087e+08, 1.258992e+08, 1.393932e+08, 1.267932e+08, 1.342205e+08, 1.480409e+08, 1.462488e+08, 1.419768e+08, 1.281307e+08, 1.450823e+08, 1.374168e+08, 1.313852e+08
0.033, 1.349406e+08, 1.388222e+08, 1.325130e+08, 1.462319e+08, 1.259821e+08, 1.395033e+08, 1.268805e+08, 1.343227e+08, 1.481678e+08, 1.463721e+08, 1.420917e+08, 1.282168e+08, 1.452093e+08, 1.375321e+08, 1.314826e+08
0.0331, 1.350462e+08, 1.389307e+08, 1.326147e+08, 1.463551e+08, 1.260650e+08, 1.396134e+08, 1.269677e+08, 1.344248e+08, 1.482945e+08, 1.464954e+08, 1.422064e+08, 1.283028e+08, 1.453361e+08, 1.376473e+08, 1.315800e+08
0.0332, 1.351518e+08, 1.390391e+08, 1.327163e+08, 1.464781e+08, 1.261478e+08, 1.397234e+08, 1.270549e+08, 1.345269e+08, 1.484212e+08, 1.466185e+08, 1.423211e+08, 1.283888e+08, 1.454629e+08, 1.377624e+08, 1.316774e+08
0.0333, 1.352573e+08, 1.391475e+08, 1.328179e+08, 1.466010e+08, 1.262306e+08, 1.398333e+08, 1.271420e+08, 1.346289e+08, 1.485477e+08, 1.467414e+08, 1.424357e+08, 1.284747e+08, 1.455895e+08, 1.378774e+08, 1.317747e+08
0.0334, 1.353627e+08, 1.392557e+08, 1.329194e+08, 1.467238e+08, 1.263133e+08, 1.399430e+08, 1.272291e+08, 1.347309e+08, 1.486740e+08, 1.468643e+08, 1.425502e+08, 1.285606e+08, 1.457160e+08, 1.379924e+08, 1.318719e+08
0.0335, 1.354681e+08, 1.393639e+08, 1.330209e+08, 1.468465e+08, 1.263961e+08, 1.400527e+08, 1.273162e+08, 1.348327e+08, 1.488003e+08, 1.469871e+08, 1.426646e+08, 1.286465e+08, 1.458423e+08, 1.381073e+08, 1.319691e+08
0.0336, 1.355734e+08, 1.394720e+08, 1.331223e+08, 1.469691e+08, 1.264788e+08, 1.401623e+08, 1.274033e+08, 1.349346e+08, 1.489264e+08, 1.471097e+08, 1.427789e+08, 1.287323e+08, 1.459686e+08, 1.382221e+08, 1.320663e+08
0.0337, 1.356786e+08, 1.395800e+08, 1.332237e+08, 1.470916e+08, 1.265614e+08, 1.402718e+08, 1.274903e+08, 1.350363e+08, 1.490524e+08, 1.472323e+08, 1.428931e+08, 1.288181e+08, 1.460947e+08, 1.383368e+08, 1.321634e+08
0.0338, 1.357838e+08, 1.396880e+08, 1.333250e+08, 1.472140e+08, 1.266441e+08, 1.403812e+08, 1.275772e+08, 1.351380e+08, 1.491783e+08, 1.473547e+08, 1.430072e+08, 1.289039e+08, 1.462207e+08, 1.384515e+08, 1.322605e+08
0.0339, 1.358890e+08, 1.397958e+08, 1.334262e+08, 1.473362e+08, 1.267267e+08, 1.404905e+08, 1.276641e+08, 1.352396e+08, 1.493041e+08, 1.474770e+08, 1.431212e+08, 1.289896e+08, 1.463466e+08, 1.385661e+08, 1.323575e+08
0.034, 1.359940e+08, 1.399036e+08, 1.335274e+08, 1.474584e+08, 1.268093e+08, 1.405997e+08, 1.277510e+08, 1.353412e+08, 1.494297e+08, 1.475992e+08, 1.432351e+08, 1.290753e+08, 1.464724e+08, 1.386806e+08, 1.324545e+08
0.0341, 1.360990e+08, 1.400113e+08, 1.336286e+08, 1.475804e+08, 1.268918e+08, 1.407088e+08, 1.278379e+08, 1.354427e+08, 1.495553e+08, 1.477213e+08, 1.433489e+08, 1.291609e+08, 1.465981e+08, 1.387951e+08, 1.325515e+08
0.0342, 1.362039e+08, 1.401190e+08, 1.337297e+08, 1.477024e+08, 1.269743e+08, 1.408178e+08, 1.279247e+08, 1.355441e+08, 1.496807e+08, 1.478432e+08, 1.434627e+08, 1.292465e+08, 1.467236e+08, 1.389095e+08, 1.326483e+08
0.0343, 1.363088e+08, 1.402265e+08, 1.338307e+08, 1.478242e+08, 1.270568e+08, 1.409267e+08, 1.280115e+08, 1.356455e+08, 1.498060e+08, 1.479651e+08, 1.435763e+08, 1.293321e+08, 1.468490e+08, 1.390238e+08, 1.327452e+08
0.0344, 1.364136e+08, 1.403340e+08, 1.339317e+08, 1.479459e+08, 1.271393e+08, 1.410355e+08, 1.280982e+08, 1.357468e+08, 1.499312e+08, 1.480868e+08, 1.436898e+08, 1.294176e+08, 1.469743e+08, 1.391381e+08, 1.328420e+08
0.0345, 1.365184e+08, 1.404414e+08, 1.340326e+08, 1.480675e+08, 1.272217e+08, 1.411442e+08, 1.281849e+08, 1.358480e+08, 1.500562e+08, 1.482085e+08, 1.438032e+08, 1.295031e+08, 1.470995e+08, 1.392522e+08, 1.329387e+08
0.0346, 1.366230e+08, 1.405487e+08, 1.341334e+08, 1.481890e+08, 1.273041e+08, 1.412528e+08, 1.282715e+08, 1.359492e+08, 1.501812e+08, 1.483300e+08, 1.439166e+08, 1.295885e+08, 1.472246e+08, 1.393663e+08, 1.330354e+08
0.0347, 1.367276e+08, 1.406559e+08, 1.342342e+08, 1.483104e+08, 1.273865e+08, 1.413613e+08, 1.283582e+08, 1.360503e+08, 1.503060e+08, 1.484514e+08, 1.440298e+08, 1.296740e+08, 1.473495e+08, 1.394804e+08, 1.331321e+08
0.0348, 1.368322e+08, 1.407631e+08, 1.343350e+08, 1.484317e+08, 1.274688e+08, 1.414698e+08, 1.284448e+08, 1.361513e+08, 1.504307e+08, 1.485727e+08, 1.441429e+08, 1.297593e+08, 1.474744e+08, 1.395943e+08, 1.332287e+08
0.0349, 1.369367e+08, 1.408701e+08, 1.344357e+08, 1.485529e+08, 1.275511e+08, 1.415781e+08, 1.285313e+08, 1.362523e+08, 1.505553e+08, 1.486939e+08, 1.442560e+08, 1.298447e+08, 1.475991e+08, 1.397082e+08, 1.333253e+08
0.035, 1.370411e+08, 1.409771e+08, 1.345363e+08, 1.486740e+08, 1.276334e+08, 1.416863e+08, 1.286178e+08, 1.363532e+08, 1.506798e+08, 1.488149e+08, 1.443689e+08, 1.299300e+08, 1.477237e+08, 1.398220e+08, 1.334218e+08
0.0351, 1.371455e+08, 1.410840e+08, 1.346369e+08, 1.487949e+08, 1.277156e+08, 1.417945e+08, 1.287043e+08, 1.364540e+08, 1.508041e+08, 1.489359e+08, 1.444818e+08, 1.300152e+08, 1.478482e+08, 1.399358e+08, 1.335183e+08
0.0352, 1.372498e+08, 1.411909e+08, 1.347374e+08, 1.489158e+08, 1.277978e+08, 1.419025e+08, 1.287907e+08, 1.365548e+08, 1.509283e+08, 1.490568e+08, 1.445945e+08, 1.301005e+08, 1.479725e+08, 1.400494e+08, 1.336147e+08
0.0353, 1.373540e+08, 1.412976e+08, 1.348379e+08, 1.490365e+08, 1.278800e+08, 1.420105e+08, 1.288771e+08, 1.366555e+08, 1.510525e+08, 1.491775e+08, 1.447072e+08, 1.301856e+08, 1.480968e+08, 1.401630e+08, 1.337111e+08
0.0354, 1.374581e+08, 1.414043e+08, 1.349383e+08, 1.491572e+08, 1.279621e+08, 1.421183e+08, 1.289634e+08, 1.367561e+08, 1.511765e+08, 1.492981e+08, 1.448197e+08, 1.302708e+08, 1.482209e+08, 1.402766e+08, 1.338074e+08
0.0355, 1.375622e+08, 1.415109e+08, 1.350387e+08, 1.492777e+08, 1.280442e+08, 1.422261e+08, 1.290497e+08, 1.368567e+08, 1.513004e+08, 1.494187e+08, 1.449322e+08, 1.303559e+08, 1.483449e+08, 1.403900e+08, 1.339037e+08
0.0356, 1.376663e+08, 1.416175e+08, 1.351390e+08, 1.493981e+08, 1.281263e+08, 1.423337e+08, 1.291360e+08, 1.369572e+08, 1.514241e+08, 1.495391e+08, 1.450446e+08, 1.304410e+08, 1.484688e+08, 1.405034e+08, 1.339999e+08
0.0357, 1.377703e+08, 1.417239e+08, 1.352392e+08, 1.495185e+08, 1.282083e+08, 1.424413e+08, 1.292222e+08, 1.370576e+08, 1.515478e+08, 1.496594e+08, 1.451568e+08, 1.305260e+08, 1.485926e+08, 1.406167e+08, 1.340961e+08
0.0358, 1.378742e+08, 1.418303e+08, 1.353394e+08, 1.496387e+08, 1.282903e+08, 1.425488e+08, 1.293084e+08, 1.371580e+08, 1.516713e+08, 1.497796e+08, 1.452690e+08, 1.306110e+08, 1.487162e+08, 1.407299e+08, 1.341922e+08
0.0359, 1.379780e+08, 1.419366e+08, 1.354395e+08, 1.497588e+08, 1.283723e+08, 1.426561e+08, 1.293946e+08, 1.372583e+08, 1.517947e+08, 1.498997e+08, 1.453811e+08, 1.306959e+08, 1.488398e+08, 1.408431e+08, 1.342883e+08
0.036, 1.380818e+08, 1.420428e+08, 1.355396e+08, 1.498788e+08, 1.284542e+08, 1.427634e+08, 1.294807e+08, 1.373585e+08, 1.519181e+08, 1.500196e+08, 1.454931e+08, 1.307808e+08, 1.489632e+08, 1.409562e+08, 1.343843e+08
0.0361, 1.381855e+08, 1.421489e+08, 1.356396e+08, 1.499987e+08, 1.285361e+08, 1.428706e+08, 1.295667e+08, 1.374587e+08, 1.520412e+08, 1.501395e+08, 1.456050e+08, 1.308657e+08, 1.490865e+08, 1.410692e+08, 1.344803e+08
0.0362, 1.382892e+08, 1.422550e+08, 1.357395e+08, 1.501185e+08, 1.286180e+08, 1.429777e+08, 1.296528e+08, 1.375588e+08, 1.521643e+08, 1.502592e+08, 1.457168e+08, 1.309506e+08, 1.492097e+08, 1.411821e+08, 1.345762e+08
0.0363, 1.383928e+08, 1.423609e+08, 1.358394e+08, 1.502382e+08, 1.286998e+08, 1.430847e+08, 1.297388e+08, 1.376588e+08, 1.522873e+08, 1.503789e+08, 1.458285e+08, 1.310354e+08, 1.493328e+08, 1.412950e+08, 1.346721e+08
0.0364, 1.384963e+08, 1.424668e+08, 1.359393e+08, 1.503578e+08, 1.287816e+08, 1.431916e+08, 1.298247e+08, 1.377588e+08, 1.524101e+08, 1.504984e+08, 1.459401e+08, 1.311201e+08, 1.494558e+08, 1.414078e+08, 1.347680e+08
0.0365, 1.385997e+08, 1.425727e+08, 1.360390e+08, 1.504772e+08, 1.288634e+08, 1.432984e+08, 1.299106e+08, 1.378587e+08, 1.525329e+08, 1.506179e+08, 1.460517e+08, 1.312048e+08, 1.495786e+08, 1.415205e+08, 1.348638e+08
0.0366, 1.387031e+08, 1.426784e+08, 1.361388e+08, 1.505966e+08, 1.289451e+08, 1.434051e+08, 1.299965e+08, 1.379585e+08, 1.526555e+08, 1.507372e+08, 1.461631e+08, 1.312895e+08, 1.497014e+08, 1.416331e+08, 1.349595e+08
0.0367, 1.388065e+08, 1.427841e+08, 1.362384e+08, 1.507159e+08, 1.290268e+08, 1.435117e+08, 1.300823e+08, 1.380583e+08, 1.527780e+08, 1.508564e+08, 1.462744e+08, 1.313742e+08, 1.498240e+08, 1.417457e+08, 1.350552e+08
0.0368, 1.389097e+08, 1.428897e+08, 1.363380e+08, 1.508350e+08, 1.291085e+08, 1.436183e+08, 1.301681e+08, 1.381580e+08, 1.529004e+08, 1.509755e+08, 1.463857e+08, 1.314588e+08, 1.499465e+08, 1.418582e+08, 1.351508e+08
0.0369, 1.390130e+08, 1.429952e+08, 1.364376e+08, 1.509541e+08, 1.291901e+08, 1.437247e+08, 1.302538e+08, 1.382577e+08, 1.530227e+08, 1.510945e+08, 1.464968e+08, 1.315433e+08, 1.500689e+08, 1.419706e+08, 1.352464e+08
0.037, 1.391161e+08, 1.431006e+08, 1.365371e+08, 1.510731e+08, 1.292717e+08, 1.438310e+08, 1.303396e+08, 1.383572e+08, 1.531449e+08, 1.512134e+08, 1.466079e+08, 1.316278e+08, 1.501912e+08, 1.420829e+08, 1.353420e+08
0.0371, 1.392192e+08, 1.432060e+08, 1.366365e+08, 1.511919e+08, 1.293533e+08, 1.439373e+08, 1.304252e+08, 1.384567e+08, 1.532669e+08, 1.513322e+08, 1.467188e+08, 1.317123e+08, 1.503133e+08, 1.421952e+08, 1.354375e+08
0.0372, 1.393222e+08, 1.433112e+08, 1.367359e+08, 1.513107e+08, 1.294348e+08, 1.440434e+08, 1.305108e+08, 1.385562e+08, 1.533889e+08, 1.514509e+08, 1.468297e+08, 1.317968e+08, 1.504354e+08, 1.423074e+08, 1.355329e+08
0.0373, 1.394251e+08, 1.434164e+08, 1.368352e+08, 1.514293e+08, 1.295163e+08, 1.441495e+08, 1.305964e+08, 1.386556e+08, 1.535107e+08, 1.515694e+08, 1.469404e+08, 1.318812e+08, 1.505573e+08, 1.424195e+08, 1.356283e+08
0.0374, 1.395280e+08, 1.435216e+08, 1.369345e+08, 1.515478e+08, 1.295978e+08, 1.442554e+08, 1.306820e+08, 1.387549e+08, 1.536324e+08, 1.516879e+08, 1.470511e+08, 1.319655e+08, 1.506791e+08, 1.425316e+08, 1.357237e+08
0.0375, 1.396308e+08, 1.436266e+08, 1.370337e+08, 1.516663e+08, 1.296792e+08, 1.443613e+08, 1.307675e+08, 1.388541e+08, 1.537541e+08, 1.518062e+08, 1.471617e+08, 1.320499e+08, 1.508008e+08, 1.426436e+08, 1.358190e+08
0.0376, 1.397336e+08, 1.437316e+08, 1.371328e+08, 1.517846e+08, 1.297606e+08, 1.444671e+08, 1.308529e+08, 1.389533e+08, 1.538756e+08, 1.519245e+08, 1.472722e+08, 1.321342e+08, 1.509224e+08, 1.427555e+08, 1.359142e+08
0.0377, 1.398363e+08, 1.438365e+08, 1.372319e+08, 1.519028e+08, 1.298419e+08, 1.445728e+08, 1.309383e+08, 1.390524e+08, 1.539969e+08, 1.520426e+08, 1.473826e+08, 1.322184e+08, 1.510439e+08, 1.428673e+08, 1.360094e+08
0.0378, 1.399389e+08, 1.439413e+08, 1.373309e+08, 1.520210e+08, 1.299233e+08, 1.446783e+08, 1.310237e+08, 1.391514e+08, 1.541182e+08, 1.521607e+08, 1.474929e+08, 1.323026e+08, 1.511652e+08, 1.429791e+08, 1.361045e+08
0.0379, 1.400415e+08, 1.440460e+08, 1.374299e+08, 1.521390e+08, 1.300045e+08, 1.447838e+08, 1.311090e+08, 1.392504e+08, 1.542394e+08, 1.522786e+08, 1.476031e+08, 1.323868e+08, 1.512865e+08, 1.430908e+08, 1.361996e+08
0.038, 1.401440e+08, 1.441507e+08, 1.375288e+08, 1.522569e+08, 1.300858e+08, 1.448892e+08, 1.311943e+08, 1.393493e+08, 1.543604e+08, 1.523964e+08, 1.477132e+08, 1.324709e+08, 1.514076e+08, 1.432024e+08, 1.362947e+08
0.0381, 1.402464e+08, 1.442553e+08, 1.376276e+08, 1.523747e+08, 1.301670e+08, 1.449946e+08, 1.312796e+08, 1.394481e+08, 1.544814e+08, 1.525141e+08, 1.478233e+08, 1.325550e+08, 1.515287e+08, 1.433139e+08, 1.363897e+08
0.0382, 1.403488e+08, 1.443598e+08, 1.377264e+08, 1.524925e+08, 1.302482e+08, 1.450998e+08, 1.313648e+08, 1.395469e+08, 1.546022e+08, 1.526318e+08, 1.479332e+08, 1.326390e+08, 1.516496e+08, 1.434254e+08, 1.364846e+08
0.0383, 1.404511e+08, 1.444642e+08, 1.378252e+08, 1.526101e+08, 1.303293e+08, 1.452049e+08, 1.314499e+08, 1.396456e+08, 1.547229e+08, 1.527493e+08, 1.480431e+08, 1.327230e+08, 1.517704e+08, 1.435367e+08, 1.365795e+08
0.0384, 1.405533e+08, 1.445686e+08, 1.379238e+08, 1.527276e+08, 1.304104e+08, 1.453099e+08, 1.315350e+08, 1.397442e+08, 1.548436e+08, 1.528667e+08, 1.481528e+08, 1.328070e+08, 1.518910e+08, 1.436480e+08, 1.366743e+08
0.0385, 1.406555e+08, 1.446728e+08, 1.380225e+08, 1.528450e+08, 1.304915e+08, 1.454149e+08, 1.316201e+08, 1.398428e+08, 1.549641e+08, 1.529840e+08, 1.482625e+08, 1.328909e+08, 1.520116e+08, 1.437593e+08, 1.367691e+08
0.0386, 1.407576e+08, 1.447770e+08, 1.381210e+08, 1.529623e+08, 1.305725e+08, 1.455197e+08, 1.317052e+08, 1.399413e+08, 1.550845e+08, 1.531011e+08, 1.483720e+08, 1.329748e+08, 1.521321e+08, 1.438704e+08, 1.368639e+08
0.0387, 1.408596e+08, 1.448812e+08, 1.382195e+08, 1.530795e+08, 1.306535e+08, 1.456245e+08, 1.317901e+08, 1.400397e+08, 1.552047e+08, 1.532182e+08, 1.484815e+08, 1.330587e+08, 1.522524e+08, 1.439815e+08, 1.369586e+08
0.0388, 1.409616e+08, 1.449852e+08, 1.383179e+08, 1.531966e+08, 1.307345e+08, 1.457291e+08, 1.318751e+08, 1.401381e+08, 1.553249e+08, 1.533352e+08, 1.485909e+08, 1.331425e+08, 1.523726e+08, 1.440925e+08, 1.370532e+08
0.0389, 1.410635e+08, 1.450892e+08, 1.384163e+08, 1.533136e+08, 1.308154e+08, 1.458337e+08, 1.319600e+08, 1.402364e+08, 1.554450e+08, 1.534521e+08, 1.487002e+08, 1.332263e+08, 1.524928e+08, 1.442035e+08, 1.371478e+08
0.039, 1.411654e+08, 1.451931e+08, 1.385146e+08, 1.534305e+08, 1.308963e+08, 1.459382e+08, 1.320449e+08, 1.403346e+08, 1.555649e+08, 1.535689e+08, 1.488094e+08, 1.333100e+08, 1.526128e+08, 1.443143e+08, 1.372423e+08
0.0391, 1.412672e+08, 1.452969e+08, 1.386129e+08, 1.535473e+08, 1.309771e+08, 1.460426e+08, 1.321297e+08, 1.404328e+08, 1.556848e+08, 1.536855e+08, 1.489185e+08, 1.333937e+08, 1.527327e+08, 1.444251e+08, 1.373368e+08
0.0392, 1.413689e+08, 1.454006e+08, 1.387111e+08, 1.536640e+08, 1.310580e+08, 1.461469e+08, 1.322145e+08, 1.405309e+08, 1.558045e+08, 1.538021e+08, 1.490275e+08, 1.334773e+08, 1.528524e+08, 1.445358e+08, 1.374312e+08
0.0393, 1.414705e+08, 1.455043e+08, 1.388093e+08, 1.537806e+08, 1.311387e+08, 1.462511e+08, 1.322992e+08, 1.406289e+08, 1.559242e+08, 1.539186e+08, 1.491364e+08, 1.335609e+08, 1.529721e+08, 1.446465e+08, 1.375256e+08
0.0394, 1.415721e+08, 1.456079e+08, 1.389073e+08, 1.538971e+08, 1.312195e+08, 1.463552e+08, 1.323839e+08, 1.407269e+08, 1.560437e+08, 1.540349e+08, 1.492453e+08, 1.336445e+08, 1.530917e+08, 1.447571e+08, 1.376199e+08
0.0395, 1.416737e+08, 1.457114e+08, 1.390054e+08, 1.540135e+08, 1.313002e+08, 1.464592e+08, 1.324685e+08, 1.408248e+08, 1.561631e+08, 1.541512e+08, 1.493540e+08, 1.337280e+08, 1.532111e+08, 1.448675e+08, 1.377142e+08
0.0396, 1.417751e+08, 1.458148e+08, 1.391033e+08, 1.541298e+08, 1.313808e+08, 1.465631e+08, 1.325531e+08, 1.409226e+08, 1.562824e+08, 1.542673e+08, 1.494627e+08, 1.338115e+08, 1.533304e+08, 1.449780e+08, 1.378084e+08
0.0397, 1.418765e+08, 1.459182e+08, 1.392012e+08, 1.542460e+08, 1.314615e+08, 1.466670e+08, 1.326377e+08, 1.410204e+08, 1.564016e+08, 1.543834e+08, 1.495712e+08, 1.338950e+08, 1.534497e+08, 1.450883e+08, 1.379026e+08
0.0398, 1.419778e+08, 1.460214e+08, 1.392991e+08, 1.543621e+08, 1.315421e+08, 1.467707e+08, 1.327222e+08, 1.411181e+08, 1.565207e+08, 1.544993e+08, 1.496797e+08, 1.339784e+08, 1.535688e+08, 1.451986e+08, 1.379967e+08
0.0399, 1.420791e+08, 1.461246e+08, 1.393969e+08, 1.544781e+08, 1.316226e+08, 1.468744e+08, 1.328067e+08, 1.412157e+08, 1.566397e+08, 1.546152e+08, 1.497881e+08, 1.340617e+08, 1.536878e+08, 1.453088e+08, 1.380908e+08
0.04, 1.421803e+08, 1.462278e+08, 1.394946e+08, 1.545940e+08, 1.317031e+08, 1.469779e+08, 1.328911e+08, 1.413132e+08, 1.567586e+08, 1.547309e+08, 1.498964e+08, 1.341450e+08, 1.538067e+08, 1.454189e+08, 1.381848e+08
0.0401, 1.422815e+08, 1.463308e+08, 1.395923e+08, 1.547098e+08, 1.317836e+08, 1.470814e+08, 1.329755e+08, 1.414107e+08, 1.568774e+08, 1.548465e+08, 1.500046e+08, 1.342283e+08, 1.539255e+08, 1.455289e+08, 1.382788e+08
0.0402, 1.423825e+08, 1.464338e+08, 1.396899e+08, 1.548255e+08, 1.318641e+08, 1.471848e+08, 1.330599e+08, 1.415082e+08, 1.569960e+08, 1.549621e+08, 1.501127e+08, 1.343116e+08, 1.540441e+08, 1.456389e+08, 1.383727e+08
0.0403, 1.424835e+08, 1.465367e+08, 1.397874e+08, 1.549411e+08, 1.319445e+08, 1.472881e+08, 1.331442e+08, 1.416055e+08, 1.571146e+08, 1.550775e+08, 1.502207e+08, 1.343948e+08, 1.541627e+08, 1.457488e+08, 1.384665e+08
0.0404, 1.425845e+08, 1.466395e+08, 1.398849e+08, 1.550566e+08, 1.320248e+08, 1.473913e+08, 1.332284e+08, 1.417028e+08, 1.572330e+08, 1.551928e+08, 1.503286e+08, 1.344779e+08, 1.542811e+08, 1.458586e+08, 1.385604e+08
0.0405, 1.426854e+08, 1.467423e+08, 1.399823e+08, 1.551720e+08, 1.321052e+08, 1.474944e+08, 1.333126e+08, 1.418000e+08, 1.573514e+08, 1.553081e+08, 1.504365e+08, 1.345611e+08, 1.543995e+08, 1.459683e+08, 1.386541e+08
0.0406, 1.427862e+08, 1.468449e+08, 1.400797e+08, 1.552873e+08, 1.321855e+08, 1.475974e+08, 1.333968e+08, 1.418972e+08, 1.574696e+08, 1.554232e+08, 1.505442e+08, 1.346441e+08, 1.545177e+08, 1.460780e+08, 1.387478e+08
0.0407, 1.428869e+08, 1.469475e+08, 1.401770e+08, 1.554025e+08, 1.322657e+08, 1.477003e+08, 1.334809e+08, 1.419943e+08, 1.575878e+08, 1.555382e+08, 1.506519e+08, 1.347272e+08, 1.546358e+08, 1.461876e+08, 1.388415e+08
0.0408, 1.429876e+08, 1.470501e+08, 1.402743e+08, 1.555176e+08, 1.323459e+08, 1.478032e+08, 1.335650e+08, 1.420913e+08, 1.577058e+08, 1.556531e+08, 1.507594e+08, 1.348102e+08, 1.547538e+08, 1.462971e+08, 1.389350e+08
0.0409, 1.430883e+08, 1.471525e+08, 1.403715e+08, 1.556327e+08, 1.324261e+08, 1.479059e+08, 1.336490e+08, 1.421882e+08, 1.578237e+08, 1.557680e+08, 1.508669e+08, 1.348931e+08, 1.548717e+08, 1.464065e+08, 1.390286e+08
0.041, 1.431888e+08, 1.472549e+08, 1.404686e+08, 1.557476e+08, 1.325062e+08, 1.480086e+08, 1.337330e+08, 1.422851e+08, 1.579416e+08, 1.558827e+08, 1.509743e+08, 1.349760e+08, 1.549895e+08, 1.465159e+08, 1.391221e+08
0.0411, 1.432893e+08, 1.473572e+08, 1.405657e+08, 1.558624e+08, 1.325864e+08, 1.481112e+08, 1.338170e+08, 1.423819e+08, 1.580593e+08, 1.559973e+08, 1.510816e+08, 1.350589e+08, 1.551072e+08, 1.466252e+08, 1.392155e+08
0.0412, 1.433897e+08, 1.474594e+08, 1.406627e+08, 1.559771e+08, 1.326664e+08, 1.482136e+08, 1.339009e+08, 1.424787e+08, 1.581769e+08, 1.561118e+08, 1.511888e+08, 1.351418e+08, 1.552247e+08, 1.467344e+08, 1.393089e+08
0.0413, 1.434901e+08, 1.475615e+08, 1.407596e+08, 1.560917e+08, 1.327464e+08, 1.483160e+08, 1.339847e+08, 1.425754e+08, 1.582944e+08, 1.562262e+08, 1.512959e+08, 1.352245e+08, 1.553422e+08, 1.468435e+08, 1.394022e+08
0.0414, 1.435904e+08, 1.476636e+08, 1.408565e+08, 1.562062e+08, 1.328264e+08, 1.484183e+08, 1.340685e+08, 1.426720e+08, 1.584118e+08, 1.563405e+08, 1.514030e+08, 1.353073e+08, 1.554595e+08, 1.469526e+08, 1.394955e+08
0.0415, 1.436906e+08, 1.477656e+08, 1.409533e+08, 1.563206e+08, 1.329064e+08, 1.485205e+08, 1.341523e+08, 1.427685e+08, 1.585291e+08, 1.564548e+08, 1.515099e+08, 1.353900e+08, 1.555768e+08, 1.470616e+08, 1.395887e+08
0.0416, 1.437908e+08, 1.478675e+08, 1.410501e+08, 1.564350e+08, 1.329863e+08, 1.486227e+08, 1.342360e+08, 1.428650e+08, 1.586463e+08, 1.565689e+08, 1.516168e+08, 1.354727e+08, 1.556939e+08, 1.471705e+08, 1.396819e+08
0.0417, 1.438909e+08, 1.479693e+08, 1.411468e+08, 1.565492e+08, 1.330662e+08, 1.487247e+08, 1.343197e+08, 1.429614e+08, 1.587634e+08, 1.566829e+08, 1.517235e+08, 1.355553e+08, 1.558109e+08, 1.472793e+08, 1.397750e+08
0.0418, 1.439909e+08, 1.480711e+08, 1.412435e+08, 1.566633e+08, 1.331460e+08, 1.488266e+08, 1.344033e+08, 1.430577e+08, 1.588804e+08, 1.567968e+08, 1.518302e+08, 1.356379e+08, 1.559279e+08, 1.473881e+08, 1.398681e+08
0.0419, 1.440909e+08, 1.481728e+08, 1.413401e+08, 1.567773e+08, 1.332258e+08, 1.489285e+08, 1.344869e+08, 1.431540e+08, 1.589972e+08, 1.569106e+08, 1.519368e+08, 1.357204e+08, 1.560447e+08, 1.474968e+08, 1.399611e+08
0.042, 1.441908e+08, 1.482744e+08, 1.414366e+08, 1.568913e+08, 1.333055e+08, 1.490302e+08, 1.345705e+08, 1.432502e+08, 1.591140e+08, 1.570243e+08, 1.520433e+08, 1.358029e+08, 1.561614e+08, 1.476054e+08, 1.400541e+08
0.0421, 1.442907e+08, 1.483760e+08, 1.415331e+08, 1.570051e+08, 1.333853e+08, 1.491319e+08, 1.346540e+08, 1.433464e+08, 1.592307e+08, 1.571379e+08, 1.521497e+08, 1.358854e+08, 1.562779e+08, 1.477139e+08, 1.401470e+08
0.0422, 1.443905e+08, 1.484774e+08, 1.416295e+08, 1.571188e+08, 1.334649e+08, 1.492335e+08, 1.347374e+08, 1.434424e+08, 1.593473e+08, 1.572514e+08, 1.522560e+08, 1.359678e+08, 1.563944e+08, 1.478224e+08, 1.402398e+08
0.0423, 1.444902e+08, 1.485788e+08, 1.417258e+08, 1.572325e+08, 1.335446e+08, 1.493350e+08, 1.348208e+08, 1.435384e+08, 1.594637e+08, 1.573649e+08, 1.523622e+08, 1.360502e+08, 1.565108e+08, 1.479308e+08, 1.403326e+08
0.0424, 1.445898e+08, 1.486801e+08, 1.418221e+08, 1.573460e+08, 1.336242e+08, 1.494364e+08, 1.349042e+08, 1.436344e+08, 1.595801e+08, 1.574782e+08, 1.524684e+08, 1.361325e+08, 1.566270e+08, 1.480391e+08, 1.404254e+08
0.0425, 1.446894e+08, 1.487814e+08, 1.419183e+08, 1.574595e+08, 1.337037e+08, 1.495377e+08, 1.349875e+08, 1.437303e+08, 1.596964e+08, 1.575914e+08, 1.525744e+08, 1.362148e+08, 1.567432e+08, 1.481473e+08, 1.405180e+08
0.0426, 1.447889e+08, 1.488825e+08, 1.420145e+08, 1.575728e+08, 1.337833e+08, 1.496389e+08, 1.350708e+08, 1.438261e+08, 1.598125e+08, 1.577045e+08, 1.526804e+08, 1.362971e+08, 1.568592e+08, 1.482555e+08, 1.406107e+08
0.0427, 1.448884e+08, 1.489836e+08, 1.421106e+08, 1.576861e+08, 1.338627e+08, 1.497401e+08, 1.351540e+08, 1.439218e+08, 1.599286e+08, 1.578175e+08, 1.527863e+08, 1.363793e+08, 1.569752e+08, 1.483636e+08, 1.407033e+08
0.0428, 1.449878e+08, 1.490846e+08, 1.422067e+08, 1.577992e+08, 1.339422e+08, 1.498411e+08, 1.352372e+08, 1.440175e+08, 1.600445e+08, 1.579304e+08, 1.528921e+08, 1.364615e+08, 1.570910e+08, 1.484716e+08, 1.407958e+08
0.0429, 1.450871e+08, 1.491856e+08, 1.423027e+08, 1.579123e+08, 1.340216e+08, 1.499421e+08, 1.353203e+08, 1.441131e+08, 1.601604e+08, 1.580433e+08, 1.529978e+08, 1.365436e+08, 1.572067e+08, 1.485795e+08, 1.408883e+08
0.043, 1.451864e+08, 1.492864e+08, 1.423986e+08, 1.580253e+08, 1.341009e+08, 1.500430e+08, 1.354034e+08, 1.442086e+08, 1.602761e+08, 1.581560e+08, 1.531034e+08, 1.366257e+08, 1.573224e+08, 1.486874e+08, 1.409807e+08
0.0431, 1.452856e+08, 1.493872e+08, 1.424945e+08, 1.581382e+08, 1.341803e+08, 1.501438e+08, 1.354864e+08, 1.443040e+08, 1.603918e+08, 1.582686e+08, 1.532089e+08, 1.367078e+08, 1.574379e+08, 1.487951e+08, 1.410730e+08
0.0432, 1.453847e+08, 1.494880e+08, 1.425903e+08, 1.582509e+08, 1.342596e+08, 1.502444e+08, 1.355694e+08, 1.443994e+08, 1.605073e+08, 1.583811e+08, 1.533143e+08, 1.367898e+08, 1.575533e+08, 1.489028e+08, 1.411654e+08
0.0433, 1.454838e+08, 1.495886e+08, 1.426860e+08, 1.583636e+08, 1.343388e+08, 1.503451e+08, 1.356524e+08, 1.444948e+08, 1.606228e+08, 1.584936e+08, 1.534197e+08, 1.368717e+08, 1.576686e+08, 1.490105e+08, 1.412576e+08
0.0434, 1.455828e+08, 1.496892e+08, 1.427817e+08, 1.584762e+08, 1.344180e+08, 1.504456e+08, 1.357353e+08, 1.445900e+08, 1.607381e+08, 1.586059e+08, 1.535249e+08, 1.369536e+08, 1.577837e+08, 1.491180e+08, 1.413498e+08
0.0435, 1.456817e+08, 1.497897e+08, 1.428773e+08, 1.585887e+08, 1.344972e+08, 1.505460e+08, 1.358182e+08, 1.446852e+08, 1.608534e+08, 1.587181e+08, 1.536301e+08, 1.370355e+08, 1.578988e+08, 1.492255e+08, 1.414420e+08
0.0436, 1.457806e+08, 1.498901e+08, 1.429729e+08, 1.587011e+08, 1.345763e+08, 1.506464e+08, 1.359010e+08, 1.447804e+08, 1.609685e+08, 1.588303e+08, 1.537352e+08, 1.371174e+08, 1.580138e+08, 1.493329e+08, 1.415341e+08
0.0437, 1.458794e+08, 1.499904e+08, 1.430684e+08, 1.588134e+08, 1.346554e+08, 1.507466e+08, 1.359837e+08, 1.448754e+08, 1.610836e+08, 1.589423e+08, 1.538402e+08, 1.371992e+08, 1.581287e+08, 1.494402e+08, 1.416261e+08
0.0438, 1.459781e+08, 1.500907e+08, 1.431638e+08, 1.589256e+08, 1.347344e+08, 1.508468e+08, 1.360665e+08, 1.449704e+08, 1.611985e+08, 1.590542e+08, 1.539451e+08, 1.372809e+08, 1.582434e+08, 1.495475e+08, 1.417181e+08
0.0439, 1.460768e+08, 1.501909e+08, 1.432592e+08, 1.590377e+08, 1.348134e+08, 1.509469e+08, 1.361491e+08, 1.450653e+08, 1.613134e+08, 1.591661e+08, 1.540499e+08, 1.373626e+08, 1.583581e+08, 1.496547e+08, 1.418100e+08
0.044, 1.461754e+08, 1.502910e+08, 1.433545e+08, 1.591497e+08, 1.348924e+08, 1.510469e+08, 1.362318e+08, 1.451602e+08, 1.614281e+08, 1.592778e+08, 1.541547e+08, 1.374443e+08, 1.584726e+08, 1.497618e+08, 1.419019e+08
0.0441, 1.462740e+08, 1.503911e+08, 1.434498e+08, 1.592616e+08, 1.349713e+08, 1.511468e+08, 1.363144e+08, 1.452550e+08, 1.615427e+08, 1.593895e+08, 1.542593e+08, 1.375259e+08, 1.585871e+08, 1.498688e+08, 1.419937e+08
0.0442, 1.463725e+08, 1.504910e+08, 1.435450e+08, 1.593735e+08, 1.350502e+08, 1.512466e+08, 1.363969e+08, 1.453497e+08, 1.616573e+08, 1.595010e+08, 1.543639e+08, 1.376075e+08, 1.587014e+08, 1.499757e+08, 1.420855e+08
0.0443, 1.464709e+08, 1.505909e+08, 1.436401e+08, 1.594852e+08, 1.351290e+08, 1.513463e+08, 1.364794e+08, 1.454443e+08, 1.617717e+08, 1.596125e+08, 1.544684e+08, 1.376891e+08, 1.588156e+08, 1.500826e+08, 1.421772e+08
0.0444, 1.465692e+08, 1.506908e+08, 1.437352e+08, 1.595968e+08, 1.352079e+08, 1.514460e+08, 1.365618e+08, 1.455389e+08, 1.618861e+08, 1.597238e+08, 1.545728e+08, 1.377706e+08, 1.589298e+08, 1.501894e+08, 1.422688e+08
0.0445, 1.466675e+08, 1.507905e+08, 1.438302e+08, 1.597084e+08, 1.352866e+08, 1.515455e+08, 1.366442e+08, 1.456334e+08, 1.620003e+08, 1.598351e+08, 1.546771e+08, 1.378520e+08, 1.590438e+08, 1.502961e+08, 1.423604e+08
0.0446, 1.467658e+08, 1.508902e+08, 1.439252e+08, 1.598198e+08, 1.353653e+08, 1.516450e+08, 1.367266e+08, 1.457279e+08, 1.621145e+08, 1.599462e+08, 1.547813e+08, 1.379335e+08, 1.591577e+08, 1.504028e+08, 1.424520e+08
0.0447, 1.468639e+08, 1.509898e+08, 1.440201e+08, 1.599312e+08, 1.354440e+08, 1.517444e+08, 1.368089e+08, 1.458223e+08, 1.622285e+08, 1.600573e+08, 1.548854e+08, 1.380148e+08, 1.592715e+08, 1.505094e+08, 1.425435e+08
0.0448, 1.469620e+08, 1.510893e+08, 1.441149e+08, 1.600425e+08, 1.355227e+08, 1.518437e+08, 1.368912e+08, 1.459166e+08, 1.623425e+08, 1.601683e+08, 1.549894e+08, 1.380962e+08, 1.593852e+08, 1.506159e+08, 1.426349e+08
0.0449, 1.470601e+08, 1.511888e+08, 1.442097e+08, 1.601536e+08, 1.356013e+08, 1.519429e+08, 1.369734e+08, 1.460108e+08, 1.624563e+08, 1.602791e+08, 1.550934e+08, 1.381775e+08, 1.594988e+08, 1.507223e+08, 1.427263e+08
0.045, 1.471580e+08, 1.512882e+08, 1.443044e+08, 1.602647e+08, 1.356798e+08, 1.520420e+08, 1.370555e+08, 1.461050e+08, 1.625700e+08, 1.603899e+08, 1.551973e+08, 1.382587e+08, 1.596123e+08, 1.508286e+08, 1.428176e+08
0.0451, 1.472559e+08, 1.513875e+08, 1.443990e+08, 1.603757e+08, 1.357583e+08, 1.521411e+08, 1.371377e+08, 1.461991e+08, 1.626837e+08, 1.605006e+08, 1.553011e+08, 1.383399e+08, 1.597257e+08, 1.509349e+08, 1.429089e+08
0.0452, 1.473538e+08, 1.514867e+08, 1.444936e+08, 1.604866e+08, 1.358368e+08, 1.522400e+08, 1.372197e+08, 1.462932e+08, 1.627972e+08, 1.606112e+08, 1.554048e+08, 1.384211e+08, 1.598390e+08, 1.510411e+08, 1.430001e+08
0.0453, 1.474516e+08, 1.515859e+08, 1.445882e+08, 1.605974e+08, 1.359153e+08, 1.523389e+08, 1.373018e+08, 1.463871e+08, 1.629107e+08, 1.607217e+08, 1.555084e+08, 1.385022e+08, 1.599521e+08, 1.511472e+08, 1.430913e+08
0.0454, 1.475493e+08, 1.516850e+08, 1.446826e+08, 1.607081e+08, 1.359937e+08, 1.524377e+08, 1.373837e+08, 1.464811e+08, 1.630241e+08, 1.608321e+08, 1.556119e+08, 1.385833e+08, 1.600652e+08, 1.512532e+08, 1.431824e+08
0.0455, 1.476469e+08, 1.517840e+08, 1.447770e+08, 1.608187e+08, 1.360720e+08, 1.525363e+08, 1.374657e+08, 1.465749e+08, 1.631373e+08, 1.609424e+08, 1.557153e+08, 1.386643e+08, 1.601782e+08, 1.513592e+08, 1.432734e+08
0.0456, 1.477445e+08, 1.518829e+08, 1.448714e+08, 1.609292e+08, 1.361503e+08, 1.526349e+08, 1.375476e+08, 1.466687e+08, 1.632505e+08, 1.610526e+08, 1.558187e+08, 1.387453e+08, 1.602910e+08, 1.514651e+08, 1.433644e+08
0.0457, 1.478420e+08, 1.519818e+08, 1.449657e+08, 1.610397e+08, 1.362286e+08, 1.527335e+08, 1.376294e+08, 1.467624e+08, 1.633635e+08, 1.611627e+08, 1.559220e+08, 1.388263e+08, 1.604038e+08, 1.515709e+08, 1.434554e+08
0.0458, 1.479395e+08, 1.520806e+08, 1.450599e+08, 1.611500e+08, 1.363068e+08, 1.528319e+08, 1.377112e+08, 1.468560e+08, 1.634765e+08, 1.612727e+08, 1.560251e+08, 1.389072e+08, 1.605165e+08, 1.516767e+08, 1.435463e+08
0.0459, 1.480368e+08, 1.521793e+08, 1.451540e+08, 1.612602e+08, 1.363850e+08, 1.529303e+08, 1.377929e+08, 1.469496e+08, 1.635894e+08, 1.613826e+08, 1.561282e+08, 1.389881e+08, 1.606290e+08, 1.517823e+08, 1.436371e+08
0.046, 1.481342e+08, 1.522780e+08, 1.452482e+08, 1.613704e+08, 1.364632e+08, 1.530285e+08, 1.378746e+08, 1.470431e+08, 1.637021e+08, 1.614924e+08, 1.562312e+08, 1.390689e+08, 1.607415e+08, 1.518879e+08, 1.437279e+08
0.0461, 1.482314e+08, 1.523765e+08, 1.453422e+08, 1.614804e+08, 1.365413e+08, 1.531267e+08, 1.379563e+08, 1.471365e+08, 1.638148e+08, 1.616022e+08, 1.563342e+08, 1.391497e+08, 1.608538e+08, 1.519934e+08, 1.438186e+08
0.0462, 1.483286e+08, 1.524750e+08, 1.454362e+08, 1.615904e+08, 1.366194e+08, 1.532248e+08, 1.380379e+08, 1.472299e+08, 1.639274e+08, 1.617118e+08, 1.564370e+08, 1.392304e+08, 1.609660e+08, 1.520989e+08, 1.439093e+08
0.0463, 1.484258e+08, 1.525735e+08, 1.455301e+08, 1.617003e+08, 1.366974e+08, 1.533228e+08, 1.381195e+08, 1.473232e+08, 1.640398e+08, 1.618213e+08, 1.565398e+08, 1.393111e+08, 1.610782e+08, 1.522042e+08, 1.439999e+08
0.0464, 1.485228e+08, 1.526718e+08, 1.456240e+08, 1.618101e+08, 1.367754e+08, 1.534207e+08, 1.382010e+08, 1.474164e+08, 1.641522e+08, 1.619308e+08, 1.566424e+08, 1.393918e+08, 1.611902e+08, 1.523095e+08, 1.440904e+08
0.0465, 1.486198e+08, 1.527701e+08, 1.457178e+08, 1.619197e+08, 1.368533e+08, 1.535185e+08, 1.382824e+08, 1.475096e+08, 1.642645e+08, 1.620401e+08, 1.567450e+08, 1.394724e+08, 1.613021e+08, 1.524147e+08, 1.441809e+08
0.0466, 1.487168e+08, 1.528683e+08, 1.458115e+08, 1.620293e+08, 1.369312e+08, 1.536163e+08, 1.383639e+08, 1.476027e+08, 1.643767e+08, 1.621494e+08, 1.568475e+08, 1.395530e+08, 1.614140e+08, 1.525199e+08, 1.442713e+08
0.0467, 1.488136e+08, 1.529665e+08, 1.459052e+08, 1.621389e+08, 1.370091e+08, 1.537140e+08, 1.384452e+08, 1.476957e+08, 1.644888e+08, 1.622586e+08, 1.569499e+08, 1.396335e+08, 1.615257e+08, 1.526249e+08, 1.443617e+08
0.0468, 1.489104e+08, 1.530645e+08, 1.459988e+08, 1.622483e+08, 1.370869e+08, 1.538115e+08, 1.385265e+08, 1.477887e+08, 1.646008e+08, 1.623676e+08, 1.570523e+08, 1.397140e+08, 1.616373e+08, 1.527299e+08, 1.444521e+08
0.0469, 1.490072e+08, 1.531625e+08, 1.460923e+08, 1.623576e+08, 1.371647e+08, 1.539090e+08, 1.386078e+08, 1.478816e+08, 1.647127e+08, 1.624766e+08, 1.571545e+08, 1.397945e+08, 1.617488e+08, 1.528348e+08, 1.445423e+08
0.047, 1.491039e+08, 1.532605e+08, 1.461858e+08, 1.624668e+08, 1.372424e+08, 1.540064e+08, 1.386891e+08, 1.479744e+08, 1.648245e+08, 1.625855e+08, 1.572567e+08, 1.398749e+08, 1.618602e+08, 1.529396e+08, 1.446326e+08
0.0471, 1.492005e+08, 1.533583e+08, 1.462793e+08, 1.625760e+08, 1.373201e+08, 1.541038e+08, 1.387702e+08, 1.480672e+08, 1.649362e+08, 1.626943e+08, 1.573588e+08, 1.399552e+08, 1.619715e+08, 1.530444e+08, 1.447227e+08
0.0472, 1.492970e+08, 1.534561e+08, 1.463726e+08, 1.626850e+08, 1.373978e+08, 1.542010e+08, 1.388514e+08, 1.481599e+08, 1.650478e+08, 1.628030e+08, 1.574607e+08, 1.400356e+08, 1.620827e+08, 1.531491e+08, 1.448128e+08
0.0473, 1.493935e+08, 1.535538e+08, 1.464659e+08, 1.627940e+08, 1.374754e+08, 1.542982e+08, 1.389325e+08, 1.482525e+08, 1.651593e+08, 1.629116e+08, 1.575627e+08, 1.401158e+08, 1.621938e+08, 1.532537e+08, 1.449029e+08
0.0474, 1.494899e+08, 1.536514e+08, 1.465592e+08, 1.629029e+08, 1.375530e+08, 1.543952e+08, 1.390135e+08, 1.483451e+08, 1.652707e+08, 1.630201e+08, 1.576645e+08, 1.401961e+08, 1.623048e+08, 1.533582e+08, 1.449929e+08
0.0475, 1.495863e+08, 1.537490e+08, 1.466524e+08, 1.630116e+08, 1.376305e+08, 1.544922e+08, 1.390945e+08, 1.484376e+08, 1.653821e+08, 1.631285e+08, 1.577662e+08, 1.402763e+08, 1.624157e+08, 1.534627e+08, 1.450828e+08
0.0476, 1.496826e+08, 1.538465e+08, 1.467455e+08, 1.631203e+08, 1.377080e+08, 1.545891e+08, 1.391754e+08, 1.485300e+08, 1.654933e+08, 1.632368e+08, 1.578679e+08, 1.403564e+08, 1.625265e+08, 1.535670e+08, 1.451727e+08
0.0477, 1.497788e+08, 1.539439e+08, 1.468386e+08, 1.632289e+08, 1.377854e+08, 1.546859e+08, 1.392563e+08, 1.486224e+08, 1.656044e+08, 1.633451e+08, 1.579694e+08, 1.404365e+08, 1.626372e+08, 1.536713e+08, 1.452625e+08
0.0478, 1.498750e+08, 1.540412e+08, 1.469316e+08, 1.633374e+08, 1.378628e+08, 1.547827e+08, 1.393372e+08, 1.487146e+08, 1.657155e+08, 1.634532e+08, 1.580709e+08, 1.405166e+08, 1.627478e+08, 1.537756e+08, 1.453523e+08
0.0479, 1.499711e+08, 1.541385e+08, 1.470245e+08, 1.634458e+08, 1.379402e+08, 1.548793e+08, 1.394180e+08, 1.488069e+08, 1.658264e+08, 1.635612e+08, 1.581723e+08, 1.405966e+08, 1.628583e+08, 1.538797e+08, 1.454420e+08
0.048, 1.500671e+08, 1.542357e+08, 1.471174e+08, 1.635542e+08, 1.380175e+08, 1.549759e+08, 1.394987e+08, 1.488990e+08, 1.659372e+08, 1.636692e+08, 1.582736e+08, 1.406766e+08, 1.629687e+08, 1.539838e+08, 1.455317e+08
0.0481, 1.501631e+08, 1.543328e+08, 1.472102e+08, 1.636624e+08, 1.380948e+08, 1.550724e+08, 1.395794e+08, 1.489911e+08, 1.660480e+08, 1.637770e+08, 1.583749e+08, 1.407565e+08, 1.630790e+08, 1.540878e+08, 1.456213e+08
0.0482, 1.502590e+08, 1.544299e+08, 1.473030e+08, 1.637706e+08, 1.381720e+08, 1.551688e+08, 1.396601e+08, 1.490831e+08, 1.661587e+08, 1.638848e+08, 1.584760e+08, 1.408364e+08, 1.631892e+08, 1.541917e+08, 1.457108e+08
0.0483, 1.503548e+08, 1.545268e+08, 1.473957e+08, 1.638786e+08, 1.382492e+08, 1.552651e+08, 1.397407e+08, 1.491751e+08, 1.662692e+08, 1.639925e+08, 1.585771e+08, 1.409163e+08, 1.632993e+08, 1.542956e+08, 1.458003e+08
0.0484, 1.504506e+08, 1.546237e+08, 1.474883e+08, 1.639866e+08, 1.383264e+08, 1.553613e+08, 1.398213e+08, 1.492670e+08, 1.663797e+08, 1.641001e+08, 1.586781e+08, 1.409961e+08, 1.634092e+08, 1.543994e+08, 1.458897e+08
0.0485, 1.505463e+08, 1.547206e+08, 1.475809e+08, 1.640945e+08, 1.384035e+08, 1.554574e+08, 1.399018e+08, 1.493588e+08, 1.664901e+08, 1.642076e+08, 1.587790e+08, 1.410758e+08, 1.635191e+08, 1.545031e+08, 1.459791e+08
0.0486, 1.506419e+08, 1.548174e+08, 1.476734e+08, 1.642023e+08, 1.384806e+08, 1.555535e+08, 1.399823e+08, 1.494506e+08, 1.666004e+08, 1.643150e+08, 1.588798e+08, 1.411555e+08, 1.636289e+08, 1.546067e+08, 1.460684e+08
0.0487, 1.507375e+08, 1.549140e+08, 1.477658e+08, 1.643100e+08, 1.385576e+08, 1.556495e+08, 1.400627e+08, 1.495423e+08, 1.667105e+08, 1.644223e+08, 1.589805e+08, 1.412352e+08, 1.637386e+08, 1.547102e+08, 1.461577e+08
0.0488, 1.508331e+08, 1.550107e+08, 1.478582e+08, 1.644176e+08, 1.386346e+08, 1.557454e+08, 1.401431e+08, 1.496339e+08, 1.668206e+08, 1.645295e+08, 1.590812e+08, 1.413149e+08, 1.638482e+08, 1.548137e+08, 1.462469e+08
0.0489, 1.509285e+08, 1.551072e+08, 1.479506e+08, 1.645251e+08, 1.387115e+08, 1.558412e+08, 1.402234e+08, 1.497254e+08, 1.669306e+08, 1.646366e+08, 1.591817e+08, 1.413945e+08, 1.639576e+08, 1.549171e+08, 1.463361e+08
0.049, 1.510239e+08, 1.552037e+08, 1.480428e+08, 1.646325e+08, 1.387884e+08, 1.559369e+08, 1.403037e+08, 1.498169e+08, 1.670406e+08, 1.647436e+08, 1.592822e+08, 1.414740e+08, 1.640670e+08, 1.550204e+08, 1.464252e+08
0.0491, 1.511192e+08, 1.553001e+08, 1.481350e+08, 1.647399e+08, 1.388653e+08, 1.560326e+08, 1.403839e+08, 1.499083e+08, 1.671504e+08, 1.648506e+08, 1.593826e+08, 1.415535e+08, 1.641763e+08, 1.551237e+08, 1.465142e+08
0.0492, 1.512145e+08, 1.553964e+08, 1.482272e+08, 1.648471e+08, 1.389421e+08, 1.561281e+08, 1.404641e+08, 1.499997e+08, 1.672601e+08, 1.649574e+08, 1.594829e+08, 1.416330e+08, 1.642855e+08, 1.552268e+08, 1.466032e+08
0.0493, 1.513097e+08, 1.554927e+08, 1.483193e+08, 1.649543e+08, 1.390189e+08, 1.562236e+08, 1.405442e+08, 1.500910e+08, 1.673697e+08, 1.650642e+08, 1.595832e+08, 1.417124e+08, 1.643945e+08, 1.553299e+08, 1.466921e+08
0.0494, 1.514048e+08, 1.555889e+08, 1.484113e+08, 1.650614e+08, 1.390956e+08, 1.563190e+08, 1.406243e+08, 1.501822e+08, 1.674793e+08, 1.651709e+08, 1.596833e+08, 1.417918e+08, 1.645035e+08, 1.554330e+08, 1.467810e+08
0.0495, 1.514999e+08, 1.556850e+08, 1.485033e+08, 1.651684e+08, 1.391723e+08, 1.564143e+08, 1.407043e+08, 1.502733e+08, 1.675887e+08, 1.652774e+08, 1.597834e+08, 1.418711e+08, 1.646124e+08, 1.555359e+08, 1.468698e+08
0.0496, 1.515949e+08, 1.557811e+08, 1.485952e+08, 1.652753e+08, 1.392489e+08, 1.565095e+08, 1.407843e+08, 1.503644e+08, 1.676981e+08, 1.653839e+08, 1.598834e+08, 1.419504e+08, 1.647212e+08, 1.556388e+08, 1.469585e+08
0.0497, 1.516898e+08, 1.558770e+08, 1.486870e+08, 1.653821e+08, 1.393255e+08, 1.566047e+08, 1.408643e+08, 1.504555e+08, 1.678073e+08, 1.654903e+08, 1.599833e+08, 1.420297e+08, 1.648298e+08, 1.557416e+08, 1.470472e+08
0.0498, 1.517847e+08, 1.559729e+08, 1.487788e+08, 1.654888e+08, 1.394021e+08, 1.566997e+08, 1.409442e+08, 1.505464e+08, 1.679165e+08, 1.655966e+08, 1.600831e+08, 1.421089e+08, 1.649384e+08, 1.558443e+08, 1.471359e+08
0.0499, 1.518795e+08, 1.560688e+08, 1.488705e+08, 1.655954e+08, 1.394786e+08, 1.567947e+08, 1.410240e+08, 1.506373e+08, 1.680256e+08, 1.657029e+08, 1.601828e+08, 1.421880e+08, 1.650469e+08, 1.559469e+08, 1.472245e+08
0.05, 1.519743e+08, 1.561645e+08, 1.489622e+08, 1.657020e+08, 1.395551e+08, 1.568896e+08, 1.411038e+08, 1.507281e+08, 1.681345e+08, 1.658090e+08, 1.602825e+08, 1.422672e+08, 1.651552e+08, 1.560495e+08, 1.473130e+08
