Time, Grain_0, Grain_1, Grain_2, Grain_3, Grain_4, Grain_5, Grain_6, Grain_7, Grain_8, Grain_9, Grain_10, Grain_11, Grain_12, Grain_13, Grain_14, Grain_15
0, 3.858025e+14, 3.858025e+14, 3.858025e+14, 3.858025e+14, 3.858025e+14, 3.858025e+14, 3.858025e+14, 3.858025e+14, 3.858025e+14, 3.858025e+14, 3.858025e+14, 3.858025e+14, 3.858025e+14, 3.858025e+14, 3.858025e+14
0.0001, 3.858025e+14, 3.858025e+14, 3.858025e+14, 3.858025e+14, 3.858025e+14, 3.858025e+14, 3.858025e+14, 3.858025e+14, 3.858025e+14, 3.858025e+14, 3.858025e+14, 3.858025e+14, 3.858025e+14, 3.858025e+14, 3.858025e+14
0.0002, 3.858025e+14, 3.858025e+14, 3.858025e+14, 3.858025e+14, 3.858025e+14, 3.858025e+14, 3.858025e+14, 3.858025e+14, 3.858025e+14, 3.858025e+14, 3.858025e+14, 3.858025e+14, 3.858025e+14, 3.858025e+14, 3.858025e+14
0.0003, 3.858025e+14, 3.858025e+14, 3.858025e+14, 3.858025e+14, 3.858025e+14, 3.858025e+14, 3.858025e+14, 3.858025e+14, 3.858025e+14, 3.858025e+14, 3.858025e+14, 3.858025e+14, 3.858025e+14, 3.858025e+14, 3.858025e+14
0.0004, 3.858025e+14, 3.858025e+14, 3.858025e+14, 3.858025e+14, 3.858025e+14, 3.858025e+14, 3.858025e+14, 3.858025e+14, 3.858025e+14, 3.858025e+14, 3.858025e+14, 3.858025e+14, 3.858025e+14, 3.858025e+14, 3.858025e+14
0.0005, 3.858025e+14, 3.858025e+14, 3.858025e+14, 3.858025e+14, 3.858025e+14, 3.858025e+14, 3.858025e+14, 3.858025e+14, 3.858025e+14, 3.858025e+14, 3.858025e+14, 3.858025e+14, 3.858025e+14, 3.858025e+14, 3.858025e+14
0.0006, 3.858025e+14, 3.858026e+14, 3.858025e+14, 3.858026e+14, 3.858025e+14, 3.858025e+14, 3.858025e+14, 3.858025e+14, 3.858026e+14, 3.858028e+14, 3.858026e+14, 3.858025e+14, 3.858026e+14, 3.858025e+14, 3.858025e+14
0.0007, 3.858028e+14, 3.858029e+14, 3.858026e+14, 3.858030e+14, 3.858028e+14, 3.858026e+14, 3.858026e+14, 3.858029e+14, 3.858029e+14, 3.858042e+14, 3.858031e+14, 3.858027e+14, 3.858030e+14, 3.858026e+14, 3.858027e+14
0.0008, 3.858038e+14, 3.858045e+14, 3.858032e+14, 3.858048e+14, 3.858038e+14, 3.858032e+14, 3.858030e+14, 3.858043e+14, 3.858045e+14, 3.858100e+14, 3.858053e+14, 3.858033e+14, 3.858049e+14, 3.858029e+14, 3.858035e+14
0.0009, 3.858075e+14, 3.858098e+14, 3.858050e+14, 3.858111e+14, 3.858073e+14, 3.858053e+14, 3.858045e+14, 3.858090e+14, 3.858099e+14, 3.858300e+14, 3.858127e+14, 3.858054e+14, 3.858113e+14, 3.858040e+14, 3.858062e+14
0.001, 3.858185e+14, 3.858257e+14, 3.858106e+14, 3.858297e+14, 3.858176e+14, 3.858115e+14, 3.858089e+14, 3.858233e+14, 3.858262e+14, 3.858888e+14, 3.858349e+14, 3.858119e+14, 3.858303e+14, 3.858073e+14, 3.858143e+14
0.0011, 3.858471e+14, 3.858674e+14, 3.858252e+14, 3.858788e+14, 3.858448e+14, 3.858280e+14, 3.858205e+14, 3.858606e+14, 3.858691e+14, 3.860376e+14, 3.858931e+14, 3.858291e+14, 3.858796e+14, 3.858162e+14, 3.858356e+14
0.0012, 3.859128e+14, 3.859632e+14, 3.858595e+14, 3.859927e+14, 3.859071e+14, 3.858668e+14, 3.858480e+14, 3.859462e+14, 3.859696e+14, 3.863564e+14, 3.860273e+14, 3.858699e+14, 3.859909e+14, 3.858375e+14, 3.858850e+14
0.0013, 3.860437e+14, 3.861547e+14, 3.859304e+14, 3.862252e+14, 3.860308e+14, 3.859483e+14, 3.859051e+14, 3.861165e+14, 3.861774e+14, 3.869240e+14, 3.862949e+14, 3.859561e+14, 3.862063e+14, 3.858832e+14, 3.859853e+14
0.0014, 3.862678e+14, 3.864865e+14, 3.860581e+14, 3.866405e+14, 3.862417e+14, 3.860988e+14, 3.860088e+14, 3.864064e+14, 3.865541e+14, 3.877634e+14, 3.867506e+14, 3.861160e+14, 3.865610e+14, 3.859709e+14, 3.861624e+14
0.0015, 3.865985e+14, 3.869864e+14, 3.862597e+14, 3.872880e+14, 3.865522e+14, 3.863436e+14, 3.861723e+14, 3.868293e+14, 3.871505e+14, 3.888265e+14, 3.874131e+14, 3.863747e+14, 3.870627e+14, 3.861206e+14, 3.864355e+14
0.0016, 3.870286e+14, 3.876537e+14, 3.865401e+14, 3.881759e+14, 3.869552e+14, 3.866973e+14, 3.863983e+14, 3.873691e+14, 3.879796e+14, 3.900364e+14, 3.882533e+14, 3.867405e+14, 3.876899e+14, 3.863485e+14, 3.868077e+14
0.0017, 3.875393e+14, 3.884629e+14, 3.868920e+14, 3.892681e+14, 3.874301e+14, 3.871605e+14, 3.866793e+14, 3.879930e+14, 3.890122e+14, 3.913296e+14, 3.892175e+14, 3.872007e+14, 3.884078e+14, 3.866624e+14, 3.872684e+14
0.0018, 3.881109e+14, 3.893783e+14, 3.873012e+14, 3.905073e+14, 3.879533e+14, 3.877227e+14, 3.870033e+14, 3.886695e+14, 3.901972e+14, 3.926655e+14, 3.902564e+14, 3.877307e+14, 3.891840e+14, 3.870613e+14, 3.878003e+14
0.0019, 3.887278e+14, 3.903678e+14, 3.877536e+14, 3.918397e+14, 3.885054e+14, 3.883697e+14, 3.873596e+14, 3.893767e+14, 3.914854e+14, 3.940216e+14, 3.913358e+14, 3.883062e+14, 3.899953e+14, 3.875381e+14, 3.883863e+14
0.002, 3.893791e+14, 3.914070e+14, 3.882383e+14, 3.932258e+14, 3.890733e+14, 3.890876e+14, 3.877400e+14, 3.901025e+14, 3.928405e+14, 3.953860e+14, 3.924362e+14, 3.889096e+14, 3.908275e+14, 3.880829e+14, 3.890124e+14
0.0021, 3.900574e+14, 3.924792e+14, 3.887485e+14, 3.946410e+14, 3.896491e+14, 3.898653e+14, 3.881394e+14, 3.908415e+14, 3.942386e+14, 3.967527e+14, 3.935473e+14, 3.895294e+14, 3.916730e+14, 3.886852e+14, 3.896680e+14
0.0022, 3.907573e+14, 3.935733e+14, 3.892795e+14, 3.960705e+14, 3.902282e+14, 3.906939e+14, 3.885550e+14, 3.915917e+14, 3.956649e+14, 3.981191e+14, 3.946638e+14, 3.901592e+14, 3.925283e+14, 3.893353e+14, 3.903457e+14
0.0023, 3.914750e+14, 3.946821e+14, 3.898290e+14, 3.975062e+14, 3.908083e+14, 3.915662e+14, 3.889851e+14, 3.923527e+14, 3.971103e+14, 3.994840e+14, 3.957835e+14, 3.907958e+14, 3.933922e+14, 3.900249e+14, 3.910399e+14
0.0024, 3.922079e+14, 3.958005e+14, 3.903953e+14, 3.989436e+14, 3.913882e+14, 3.924765e+14, 3.894288e+14, 3.931250e+14, 3.985691e+14, 4.008474e+14, 3.969054e+14, 3.914372e+14, 3.942649e+14, 3.907469e+14, 3.917466e+14
0.0025, 3.929538e+14, 3.969254e+14, 3.909775e+14, 4.003803e+14, 3.919673e+14, 3.934198e+14, 3.898854e+14, 3.939087e+14, 4.000376e+14, 4.022093e+14, 3.980292e+14, 3.920828e+14, 3.951478e+14, 3.914958e+14, 3.924632e+14
0.0026, 3.937112e+14, 3.980545e+14, 3.915747e+14, 4.018151e+14, 3.925454e+14, 3.943916e+14, 3.903543e+14, 3.947039e+14, 4.015133e+14, 4.035700e+14, 3.991550e+14, 3.927320e+14, 3.960429e+14, 3.922669e+14, 3.931876e+14
0.0027, 3.944788e+14, 3.991865e+14, 3.921863e+14, 4.032474e+14, 3.931225e+14, 3.953880e+14, 3.908351e+14, 3.955102e+14, 4.029942e+14, 4.049297e+14, 4.002830e+14, 3.933849e+14, 3.969530e+14, 3.930566e+14, 3.939183e+14
0.0028, 3.952557e+14, 4.003203e+14, 3.928116e+14, 4.046770e+14, 3.936989e+14, 3.964055e+14, 3.913271e+14, 3.963272e+14, 4.044791e+14, 4.062889e+14, 4.014136e+14, 3.940413e+14, 3.978815e+14, 3.938622e+14, 3.946542e+14
0.0029, 3.960410e+14, 4.014554e+14, 3.934500e+14, 4.061039e+14, 3.942746e+14, 3.974409e+14, 3.918294e+14, 3.971539e+14, 4.059669e+14, 4.076477e+14, 4.025472e+14, 3.947014e+14, 3.988318e+14, 3.946813e+14, 3.953945e+14
0.003, 3.968342e+14, 4.025913e+14, 3.941008e+14, 4.075282e+14, 3.948500e+14, 3.984918e+14, 3.923414e+14, 3.979897e+14, 4.074566e+14, 4.090065e+14, 4.036842e+14, 3.953652e+14, 3.998071e+14, 3.955120e+14, 3.961386e+14
0.0031, 3.976347e+14, 4.037276e+14, 3.947632e+14, 4.089502e+14, 3.954253e+14, 3.995556e+14, 3.928622e+14, 3.988334e+14, 4.089478e+14, 4.103655e+14, 4.048249e+14, 3.960327e+14, 4.008097e+14, 3.963530e+14, 3.968861e+14
0.0032, 3.984421e+14, 4.048642e+14, 3.954366e+14, 4.103702e+14, 3.960006e+14, 4.006306e+14, 3.933911e+14, 3.996843e+14, 4.104399e+14, 4.117249e+14, 4.059697e+14, 3.967040e+14, 4.018406e+14, 3.972030e+14, 3.976367e+14
0.0033, 3.992559e+14, 4.060008e+14, 3.961202e+14, 4.117883e+14, 3.965762e+14, 4.017150e+14, 3.939274e+14, 4.005415e+14, 4.119323e+14, 4.130848e+14, 4.071191e+14, 3.973791e+14, 4.028999e+14, 3.980612e+14, 3.983901e+14
0.0034, 4.000759e+14, 4.071372e+14, 3.968134e+14, 4.132048e+14, 3.971523e+14, 4.028076e+14, 3.944705e+14, 4.014043e+14, 4.134249e+14, 4.144454e+14, 4.082731e+14, 3.980579e+14, 4.039860e+14, 3.989267e+14, 3.991463e+14
0.0035, 4.009016e+14, 4.082732e+14, 3.975157e+14, 4.146200e+14, 3.977291e+14, 4.039071e+14, 3.950198e+14, 4.022718e+14, 4.149174e+14, 4.158068e+14, 4.094323e+14, 3.987405e+14, 4.050969e+14, 3.997989e+14, 3.999050e+14
0.0036, 4.017330e+14, 4.094086e+14, 3.982262e+14, 4.160339e+14, 3.983068e+14, 4.050127e+14, 3.955747e+14, 4.031437e+14, 4.164096e+14, 4.171691e+14, 4.105967e+14, 3.994267e+14, 4.062298e+14, 4.006772e+14, 4.006663e+14
0.0037, 4.025696e+14, 4.105433e+14, 3.989447e+14, 4.174467e+14, 3.988856e+14, 4.061236e+14, 3.961349e+14, 4.040192e+14, 4.179015e+14, 4.185325e+14, 4.117665e+14, 4.001164e+14, 4.073821e+14, 4.015613e+14, 4.014300e+14
0.0038, 4.034112e+14, 4.116772e+14, 3.996705e+14, 4.188585e+14, 3.994655e+14, 4.072391e+14, 3.966999e+14, 4.048981e+14, 4.193928e+14, 4.198970e+14, 4.129418e+14, 4.008095e+14, 4.085511e+14, 4.024508e+14, 4.021962e+14
0.0039, 4.042577e+14, 4.128101e+14, 4.004032e+14, 4.202695e+14, 4.000467e+14, 4.083588e+14, 3.972695e+14, 4.057799e+14, 4.208837e+14, 4.212626e+14, 4.141226e+14, 4.015060e+14, 4.097347e+14, 4.033454e+14, 4.029647e+14
0.004, 4.051088e+14, 4.139420e+14, 4.011424e+14, 4.216797e+14, 4.006293e+14, 4.094820e+14, 3.978434e+14, 4.066644e+14, 4.223741e+14, 4.226295e+14, 4.153089e+14, 4.022056e+14, 4.109307e+14, 4.042448e+14, 4.037356e+14
0.0041, 4.059644e+14, 4.150729e+14, 4.018876e+14, 4.230891e+14, 4.012134e+14, 4.106085e+14, 3.984213e+14, 4.075512e+14, 4.238640e+14, 4.239976e+14, 4.165006e+14, 4.029082e+14, 4.121376e+14, 4.051487e+14, 4.045087e+14
0.0042, 4.068242e+14, 4.162028e+14, 4.026387e+14, 4.244979e+14, 4.017991e+14, 4.117379e+14, 3.990030e+14, 4.084403e+14, 4.253534e+14, 4.253671e+14, 4.176975e+14, 4.036137e+14, 4.133541e+14, 4.060571e+14, 4.052841e+14
0.0043, 4.076881e+14, 4.173316e+14, 4.033952e+14, 4.259061e+14, 4.023865e+14, 4.128699e+14, 3.995884e+14, 4.093313e+14, 4.268424e+14, 4.267378e+14, 4.188995e+14, 4.043221e+14, 4.145789e+14, 4.069697e+14, 4.060617e+14
0.0044, 4.085559e+14, 4.184594e+14, 4.041568e+14, 4.273138e+14, 4.029756e+14, 4.140044e+14, 4.001774e+14, 4.102242e+14, 4.283309e+14, 4.281099e+14, 4.201062e+14, 4.050330e+14, 4.158113e+14, 4.078863e+14, 4.068415e+14
0.0045, 4.094274e+14, 4.195863e+14, 4.049233e+14, 4.287209e+14, 4.035666e+14, 4.151409e+14, 4.007697e+14, 4.111189e+14, 4.298190e+14, 4.294834e+14, 4.213174e+14, 4.057465e+14, 4.170504e+14, 4.088069e+14, 4.076234e+14
0.0046, 4.103026e+14, 4.207122e+14, 4.056945e+14, 4.301276e+14, 4.041594e+14, 4.162795e+14, 4.013654e+14, 4.120151e+14, 4.313068e+14, 4.308581e+14, 4.225329e+14, 4.064625e+14, 4.182957e+14, 4.097312e+14, 4.084074e+14
0.0047, 4.111813e+14, 4.218373e+14, 4.064701e+14, 4.315338e+14, 4.047542e+14, 4.174199e+14, 4.019642e+14, 4.129130e+14, 4.327943e+14, 4.322342e+14, 4.237524e+14, 4.071807e+14, 4.195466e+14, 4.106593e+14, 4.091935e+14
0.0048, 4.120633e+14, 4.229616e+14, 4.072499e+14, 4.329397e+14, 4.053510e+14, 4.185620e+14, 4.025662e+14, 4.138124e+14, 4.342814e+14, 4.336116e+14, 4.249755e+14, 4.079012e+14, 4.208027e+14, 4.115909e+14, 4.099815e+14
0.0049, 4.129486e+14, 4.240852e+14, 4.080338e+14, 4.343452e+14, 4.059497e+14, 4.197057e+14, 4.031713e+14, 4.147132e+14, 4.357682e+14, 4.349903e+14, 4.262020e+14, 4.086238e+14, 4.220638e+14, 4.125261e+14, 4.107715e+14
0.005, 4.138370e+14, 4.252082e+14, 4.088215e+14, 4.357503e+14, 4.065506e+14, 4.208508e+14, 4.037794e+14, 4.156155e+14, 4.372548e+14, 4.363702e+14, 4.274317e+14, 4.093485e+14, 4.233293e+14, 4.134646e+14, 4.115634e+14
0.0051, 4.147284e+14, 4.263306e+14, 4.096130e+14, 4.371552e+14, 4.071535e+14, 4.219973e+14, 4.043904e+14, 4.165191e+14, 4.387412e+14, 4.377514e+14, 4.286642e+14, 4.100751e+14, 4.245993e+14, 4.144065e+14, 4.123572e+14
0.0052, 4.156227e+14, 4.274525e+14, 4.104080e+14, 4.385597e+14, 4.077585e+14, 4.231451e+14, 4.050043e+14, 4.174241e+14, 4.402273e+14, 4.391338e+14, 4.298994e+14, 4.108035e+14, 4.258732e+14, 4.153516e+14, 4.131528e+14
0.0053, 4.165199e+14, 4.285740e+14, 4.112065e+14, 4.399640e+14, 4.083657e+14, 4.242941e+14, 4.056211e+14, 4.183304e+14, 4.417133e+14, 4.405173e+14, 4.311369e+14, 4.115338e+14, 4.271511e+14, 4.162999e+14, 4.139501e+14
0.0054, 4.174197e+14, 4.296951e+14, 4.120083e+14, 4.413679e+14, 4.089749e+14, 4.254442e+14, 4.062406e+14, 4.192380e+14, 4.431990e+14, 4.419019e+14, 4.323767e+14, 4.122658e+14, 4.284327e+14, 4.172513e+14, 4.147492e+14
0.0055, 4.183223e+14, 4.308159e+14, 4.128133e+14, 4.427717e+14, 4.095863e+14, 4.265954e+14, 4.068629e+14, 4.201469e+14, 4.446846e+14, 4.432877e+14, 4.336184e+14, 4.129995e+14, 4.297178e+14, 4.182057e+14, 4.155499e+14
0.0056, 4.192274e+14, 4.319364e+14, 4.136214e+14, 4.441752e+14, 4.101998e+14, 4.277477e+14, 4.074880e+14, 4.210571e+14, 4.461700e+14, 4.446745e+14, 4.348620e+14, 4.137347e+14, 4.310063e+14, 4.191631e+14, 4.163524e+14
0.0057, 4.201350e+14, 4.330568e+14, 4.144324e+14, 4.455784e+14, 4.108155e+14, 4.289009e+14, 4.081157e+14, 4.219687e+14, 4.476553e+14, 4.460623e+14, 4.361072e+14, 4.144715e+14, 4.322981e+14, 4.201235e+14, 4.171564e+14
0.0058, 4.210450e+14, 4.341770e+14, 4.152464e+14, 4.469815e+14, 4.114332e+14, 4.300550e+14, 4.087460e+14, 4.228814e+14, 4.491405e+14, 4.474510e+14, 4.373540e+14, 4.152098e+14, 4.335931e+14, 4.210867e+14, 4.179620e+14
0.0059, 4.219574e+14, 4.352970e+14, 4.160632e+14, 4.483843e+14, 4.120531e+14, 4.312101e+14, 4.093790e+14, 4.237955e+14, 4.506255e+14, 4.488407e+14, 4.386021e+14, 4.159495e+14, 4.348911e+14, 4.220528e+14, 4.187692e+14
0.006, 4.228721e+14, 4.364170e+14, 4.168827e+14, 4.497869e+14, 4.126750e+14, 4.323661e+14, 4.100145e+14, 4.247108e+14, 4.521104e+14, 4.502313e+14, 4.398515e+14, 4.166906e+14, 4.361920e+14, 4.230216e+14, 4.195779e+14
0.0061, 4.237891e+14, 4.375370e+14, 4.177049e+14, 4.511894e+14, 4.132990e+14, 4.335228e+14, 4.106526e+14, 4.256273e+14, 4.535953e+14, 4.516227e+14, 4.411021e+14, 4.174331e+14, 4.374958e+14, 4.239932e+14, 4.203881e+14
0.0062, 4.247083e+14, 4.386570e+14, 4.185296e+14, 4.525916e+14, 4.139250e+14, 4.346804e+14, 4.112931e+14, 4.265451e+14, 4.550800e+14, 4.530150e+14, 4.423538e+14, 4.181768e+14, 4.388023e+14, 4.249674e+14, 4.211997e+14
0.0063, 4.256297e+14, 4.397770e+14, 4.193569e+14, 4.539937e+14, 4.145531e+14, 4.358388e+14, 4.119362e+14, 4.274642e+14, 4.565647e+14, 4.544081e+14, 4.436064e+14, 4.189217e+14, 4.401115e+14, 4.259443e+14, 4.220129e+14
0.0064, 4.265531e+14, 4.408970e+14, 4.201867e+14, 4.553956e+14, 4.151832e+14, 4.369979e+14, 4.125817e+14, 4.283845e+14, 4.580492e+14, 4.558019e+14, 4.448599e+14, 4.196679e+14, 4.414232e+14, 4.269238e+14, 4.228274e+14
0.0065, 4.274787e+14, 4.420171e+14, 4.210189e+14, 4.567974e+14, 4.158152e+14, 4.381577e+14, 4.132295e+14, 4.293060e+14, 4.595337e+14, 4.571964e+14, 4.461143e+14, 4.204152e+14, 4.427375e+14, 4.279059e+14, 4.236433e+14
0.0066, 4.284063e+14, 4.431373e+14, 4.218534e+14, 4.581990e+14, 4.164492e+14, 4.393183e+14, 4.138798e+14, 4.302287e+14, 4.610182e+14, 4.585917e+14, 4.473694e+14, 4.211637e+14, 4.440542e+14, 4.288904e+14, 4.244607e+14
0.0067, 4.293359e+14, 4.442577e+14, 4.226902e+14, 4.596004e+14, 4.170851e+14, 4.404795e+14, 4.145324e+14, 4.311527e+14, 4.625025e+14, 4.599876e+14, 4.486252e+14, 4.219133e+14, 4.453732e+14, 4.298775e+14, 4.252794e+14
0.0068, 4.302675e+14, 4.453781e+14, 4.235293e+14, 4.610017e+14, 4.177229e+14, 4.416414e+14, 4.151873e+14, 4.320779e+14, 4.639869e+14, 4.613841e+14, 4.498817e+14, 4.226640e+14, 4.466945e+14, 4.308671e+14, 4.260994e+14
0.0069, 4.312010e+14, 4.464987e+14, 4.243705e+14, 4.624029e+14, 4.183626e+14, 4.428040e+14, 4.158446e+14, 4.330043e+14, 4.654711e+14, 4.627813e+14, 4.511388e+14, 4.234157e+14, 4.480181e+14, 4.318590e+14, 4.269208e+14
0.007, 4.321364e+14, 4.476195e+14, 4.252140e+14, 4.638039e+14, 4.190041e+14, 4.439672e+14, 4.165040e+14, 4.339320e+14, 4.669554e+14, 4.641790e+14, 4.523965e+14, 4.241685e+14, 4.493438e+14, 4.328533e+14, 4.277435e+14
0.0071, 4.330737e+14, 4.487404e+14, 4.260596e+14, 4.652048e+14, 4.196475e+14, 4.451310e+14, 4.171657e+14, 4.348608e+14, 4.684395e+14, 4.655773e+14, 4.536546e+14, 4.249222e+14, 4.506716e+14, 4.338500e+14, 4.285675e+14
0.0072, 4.340128e+14, 4.498615e+14, 4.269072e+14, 4.666056e+14, 4.202926e+14, 4.462954e+14, 4.178296e+14, 4.357908e+14, 4.699237e+14, 4.669762e+14, 4.549133e+14, 4.256769e+14, 4.520014e+14, 4.348491e+14, 4.293928e+14
0.0073, 4.349537e+14, 4.509828e+14, 4.277569e+14, 4.680063e+14, 4.209395e+14, 4.474604e+14, 4.184957e+14, 4.367221e+14, 4.714078e+14, 4.683756e+14, 4.561724e+14, 4.264326e+14, 4.533333e+14, 4.358504e+14, 4.302194e+14
0.0074, 4.358965e+14, 4.521043e+14, 4.286086e+14, 4.694068e+14, 4.215881e+14, 4.486260e+14, 4.191639e+14, 4.376545e+14, 4.728918e+14, 4.697755e+14, 4.574319e+14, 4.271892e+14, 4.546671e+14, 4.368539e+14, 4.310472e+14
0.0075, 4.368410e+14, 4.532260e+14, 4.294623e+14, 4.708073e+14, 4.222384e+14, 4.497922e+14, 4.198343e+14, 4.385881e+14, 4.743759e+14, 4.711759e+14, 4.586918e+14, 4.279467e+14, 4.560028e+14, 4.378598e+14, 4.318763e+14
0.0076, 4.377873e+14, 4.543479e+14, 4.303179e+14, 4.722077e+14, 4.228904e+14, 4.509589e+14, 4.205067e+14, 4.395228e+14, 4.758599e+14, 4.725768e+14, 4.599521e+14, 4.287051e+14, 4.573403e+14, 4.388678e+14, 4.327066e+14
0.0077, 4.387353e+14, 4.554700e+14, 4.311755e+14, 4.736080e+14, 4.235440e+14, 4.521261e+14, 4.211812e+14, 4.404588e+14, 4.773439e+14, 4.739781e+14, 4.612127e+14, 4.294644e+14, 4.586797e+14, 4.398780e+14, 4.335381e+14
0.0078, 4.396850e+14, 4.565924e+14, 4.320349e+14, 4.750082e+14, 4.241993e+14, 4.532939e+14, 4.218578e+14, 4.413959e+14, 4.788278e+14, 4.753798e+14, 4.624737e+14, 4.302245e+14, 4.600208e+14, 4.408903e+14, 4.343709e+14
0.0079, 4.406364e+14, 4.577150e+14, 4.328962e+14, 4.764084e+14, 4.248562e+14, 4.544622e+14, 4.225363e+14, 4.423341e+14, 4.803118e+14, 4.767820e+14, 4.637349e+14, 4.309855e+14, 4.613636e+14, 4.419048e+14, 4.352049e+14
0.008, 4.415895e+14, 4.588378e+14, 4.337594e+14, 4.778085e+14, 4.255146e+14, 4.556310e+14, 4.232169e+14, 4.432736e+14, 4.817957e+14, 4.781846e+14, 4.649965e+14, 4.317474e+14, 4.627081e+14, 4.429214e+14, 4.360400e+14
0.0081, 4.425442e+14, 4.599609e+14, 4.346243e+14, 4.792085e+14, 4.261746e+14, 4.568003e+14, 4.238994e+14, 4.442141e+14, 4.832796e+14, 4.795876e+14, 4.662583e+14, 4.325100e+14, 4.640543e+14, 4.439400e+14, 4.368764e+14
0.0082, 4.435005e+14, 4.610842e+14, 4.354910e+14, 4.806085e+14, 4.268362e+14, 4.579701e+14, 4.245839e+14, 4.451558e+14, 4.847635e+14, 4.809910e+14, 4.675203e+14, 4.332734e+14, 4.654020e+14, 4.449607e+14, 4.377139e+14
0.0083, 4.444585e+14, 4.622078e+14, 4.363595e+14, 4.820084e+14, 4.274992e+14, 4.591404e+14, 4.252702e+14, 4.460987e+14, 4.862474e+14, 4.823948e+14, 4.687826e+14, 4.340377e+14, 4.667513e+14, 4.459835e+14, 4.385526e+14
0.0084, 4.454180e+14, 4.633316e+14, 4.372297e+14, 4.834082e+14, 4.281637e+14, 4.603112e+14, 4.259585e+14, 4.470426e+14, 4.877312e+14, 4.837989e+14, 4.700452e+14, 4.348027e+14, 4.681021e+14, 4.470082e+14, 4.393925e+14
0.0085, 4.463791e+14, 4.644557e+14, 4.381017e+14, 4.848080e+14, 4.288296e+14, 4.614825e+14, 4.266487e+14, 4.479877e+14, 4.892151e+14, 4.852034e+14, 4.713079e+14, 4.355685e+14, 4.694545e+14, 4.480350e+14, 4.402336e+14
0.0086, 4.473418e+14, 4.655801e+14, 4.389753e+14, 4.862078e+14, 4.294970e+14, 4.626542e+14, 4.273407e+14, 4.489339e+14, 4.906989e+14, 4.866082e+14, 4.725708e+14, 4.363350e+14, 4.708083e+14, 4.490637e+14, 4.410757e+14
0.0087, 4.483061e+14, 4.667046e+14, 4.398506e+14, 4.876076e+14, 4.301658e+14, 4.638263e+14, 4.280345e+14, 4.498812e+14, 4.921827e+14, 4.880134e+14, 4.738340e+14, 4.371023e+14, 4.721635e+14, 4.500943e+14, 4.419191e+14
0.0088, 4.492718e+14, 4.678295e+14, 4.407275e+14, 4.890073e+14, 4.308360e+14, 4.649990e+14, 4.287301e+14, 4.508296e+14, 4.936666e+14, 4.894189e+14, 4.750973e+14, 4.378703e+14, 4.735202e+14, 4.511268e+14, 4.427635e+14
0.0089, 4.502391e+14, 4.689546e+14, 4.416061e+14, 4.904070e+14, 4.315076e+14, 4.661720e+14, 4.294275e+14, 4.517791e+14, 4.951504e+14, 4.908247e+14, 4.763608e+14, 4.386391e+14, 4.748782e+14, 4.521613e+14, 4.436091e+14
0.009, 4.512078e+14, 4.700800e+14, 4.424863e+14, 4.918067e+14, 4.321805e+14, 4.673456e+14, 4.301267e+14, 4.527297e+14, 4.966342e+14, 4.922309e+14, 4.776245e+14, 4.394085e+14, 4.762376e+14, 4.531976e+14, 4.444558e+14
0.0091, 4.521781e+14, 4.712057e+14, 4.433681e+14, 4.932063e+14, 4.328548e+14, 4.685195e+14, 4.308277e+14, 4.536814e+14, 4.981180e+14, 4.936373e+14, 4.788883e+14, 4.401787e+14, 4.775983e+14, 4.542358e+14, 4.453036e+14
0.0092, 4.531498e+14, 4.723316e+14, 4.442515e+14, 4.946060e+14, 4.335304e+14, 4.696939e+14, 4.315303e+14, 4.546341e+14, 4.996018e+14, 4.950440e+14, 4.801523e+14, 4.409496e+14, 4.789603e+14, 4.552759e+14, 4.461525e+14
0.0093, 4.541230e+14, 4.734578e+14, 4.451364e+14, 4.960056e+14, 4.342072e+14, 4.708687e+14, 4.322347e+14, 4.555879e+14, 5.010856e+14, 4.964511e+14, 4.814164e+14, 4.417212e+14, 4.803235e+14, 4.563177e+14, 4.470025e+14
0.0094, 4.550976e+14, 4.745843e+14, 4.460229e+14, 4.974053e+14, 4.348854e+14, 4.720439e+14, 4.329407e+14, 4.565428e+14, 5.025694e+14, 4.978584e+14, 4.826807e+14, 4.424935e+14, 4.816881e+14, 4.573614e+14, 4.478536e+14
0.0095, 4.560736e+14, 4.757111e+14, 4.469109e+14, 4.988049e+14, 4.355648e+14, 4.732195e+14, 4.336484e+14, 4.574987e+14, 5.040532e+14, 4.992659e+14, 4.839451e+14, 4.432665e+14, 4.830538e+14, 4.584068e+14, 4.487058e+14
0.0096, 4.570511e+14, 4.768382e+14, 4.478004e+14, 5.002046e+14, 4.362454e+14, 4.743956e+14, 4.343577e+14, 4.584557e+14, 5.055370e+14, 5.006738e+14, 4.852096e+14, 4.440402e+14, 4.844208e+14, 4.594540e+14, 4.495591e+14
0.0097, 4.580299e+14, 4.779655e+14, 4.486914e+14, 5.016043e+14, 4.369273e+14, 4.755720e+14, 4.350687e+14, 4.594137e+14, 5.070208e+14, 5.020819e+14, 4.864743e+14, 4.448145e+14, 4.857889e+14, 4.605030e+14, 4.504134e+14
0.0098, 4.590102e+14, 4.790931e+14, 4.495839e+14, 5.030039e+14, 4.376104e+14, 4.767489e+14, 4.357813e+14, 4.603728e+14, 5.085046e+14, 5.034903e+14, 4.877391e+14, 4.455895e+14, 4.871582e+14, 4.615537e+14, 4.512688e+14
0.0099, 4.599918e+14, 4.802210e+14, 4.504778e+14, 5.044036e+14, 4.382947e+14, 4.779261e+14, 4.364955e+14, 4.613329e+14, 5.099884e+14, 5.048989e+14, 4.890040e+14, 4.463651e+14, 4.885287e+14, 4.626061e+14, 4.521253e+14
0.01, 4.609747e+14, 4.813492e+14, 4.513733e+14, 5.058033e+14, 4.389802e+14, 4.791037e+14, 4.372112e+14, 4.622940e+14, 5.114722e+14, 5.063078e+14, 4.902690e+14, 4.471415e+14, 4.899002e+14, 4.636602e+14, 4.529828e+14
0.0101, 4.619590e+14, 4.824777e+14, 4.522701e+14, 5.072031e+14, 4.396669e+14, 4.802818e+14, 4.379285e+14, 4.632561e+14, 5.129559e+14, 5.077170e+14, 4.915341e+14, 4.479184e+14, 4.912729e+14, 4.647160e+14, 4.538414e+14
0.0102, 4.629447e+14, 4.836064e+14, 4.531684e+14, 5.086028e+14, 4.403547e+14, 4.814602e+14, 4.386473e+14, 4.642192e+14, 5.144397e+14, 5.091264e+14, 4.927994e+14, 4.486960e+14, 4.926467e+14, 4.657734e+14, 4.547010e+14
0.0103, 4.639316e+14, 4.847355e+14, 4.540681e+14, 5.100026e+14, 4.410436e+14, 4.826390e+14, 4.393677e+14, 4.651834e+14, 5.159235e+14, 5.105360e+14, 4.940647e+14, 4.494743e+14, 4.940215e+14, 4.668325e+14, 4.555617e+14
0.0104, 4.649199e+14, 4.858648e+14, 4.549692e+14, 5.114024e+14, 4.417337e+14, 4.838181e+14, 4.400895e+14, 4.661485e+14, 5.174073e+14, 5.119458e+14, 4.953302e+14, 4.502532e+14, 4.953974e+14, 4.678932e+14, 4.564234e+14
0.0105, 4.659095e+14, 4.869945e+14, 4.558717e+14, 5.128023e+14, 4.424249e+14, 4.849977e+14, 4.408129e+14, 4.671146e+14, 5.188910e+14, 5.133559e+14, 4.965958e+14, 4.510327e+14, 4.967743e+14, 4.689556e+14, 4.572861e+14
0.0106, 4.669004e+14, 4.881244e+14, 4.567755e+14, 5.142022e+14, 4.431172e+14, 4.861776e+14, 4.415377e+14, 4.680817e+14, 5.203748e+14, 5.147662e+14, 4.978615e+14, 4.518129e+14, 4.981522e+14, 4.700196e+14, 4.581499e+14
0.0107, 4.678925e+14, 4.892546e+14, 4.576807e+14, 5.156021e+14, 4.438106e+14, 4.873578e+14, 4.422640e+14, 4.690498e+14, 5.218586e+14, 5.161767e+14, 4.991272e+14, 4.525937e+14, 4.995312e+14, 4.710851e+14, 4.590147e+14
0.0108, 4.688859e+14, 4.903852e+14, 4.585873e+14, 5.170021e+14, 4.445051e+14, 4.885385e+14, 4.429917e+14, 4.700189e+14, 5.233423e+14, 5.175875e+14, 5.003931e+14, 4.533751e+14, 5.009111e+14, 4.721523e+14, 4.598805e+14
0.0109, 4.698805e+14, 4.915160e+14, 4.594952e+14, 5.184021e+14, 4.452007e+14, 4.897195e+14, 4.437208e+14, 4.709889e+14, 5.248261e+14, 5.189984e+14, 5.016591e+14, 4.541571e+14, 5.022920e+14, 4.732210e+14, 4.607473e+14
0.011, 4.708764e+14, 4.926471e+14, 4.604044e+14, 5.198022e+14, 4.458973e+14, 4.909008e+14, 4.444513e+14, 4.719599e+14, 5.263098e+14, 5.204096e+14, 5.029251e+14, 4.549397e+14, 5.036738e+14, 4.742912e+14, 4.616151e+14
0.0111, 4.718736e+14, 4.937786e+14, 4.613150e+14, 5.212023e+14, 4.465950e+14, 4.920825e+14, 4.451833e+14, 4.729318e+14, 5.277936e+14, 5.218209e+14, 5.041913e+14, 4.557230e+14, 5.050566e+14, 4.753630e+14, 4.624839e+14
0.0112, 4.728719e+14, 4.949103e+14, 4.622268e+14, 5.226025e+14, 4.472937e+14, 4.932646e+14, 4.459166e+14, 4.739047e+14, 5.292773e+14, 5.232325e+14, 5.054576e+14, 4.565068e+14, 5.064403e+14, 4.764363e+14, 4.633537e+14
0.0113, 4.738714e+14, 4.960423e+14, 4.631400e+14, 5.240027e+14, 4.479934e+14, 4.944470e+14, 4.466513e+14, 4.748786e+14, 5.307610e+14, 5.246443e+14, 5.067239e+14, 4.572913e+14, 5.078250e+14, 4.775111e+14, 4.642245e+14
0.0114, 4.748722e+14, 4.971747e+14, 4.640544e+14, 5.254029e+14, 4.486942e+14, 4.956297e+14, 4.473873e+14, 4.758533e+14, 5.322448e+14, 5.260563e+14, 5.079904e+14, 4.580763e+14, 5.092105e+14, 4.785874e+14, 4.650963e+14
0.0115, 4.758741e+14, 4.983073e+14, 4.649701e+14, 5.268033e+14, 4.493959e+14, 4.968128e+14, 4.481247e+14, 4.768290e+14, 5.337285e+14, 5.274684e+14, 5.092569e+14, 4.588620e+14, 5.105970e+14, 4.796652e+14, 4.659690e+14
0.0116, 4.768772e+14, 4.994403e+14, 4.658871e+14, 5.282037e+14, 4.500987e+14, 4.979962e+14, 4.488634e+14, 4.778056e+14, 5.352122e+14, 5.288808e+14, 5.105235e+14, 4.596482e+14, 5.119843e+14, 4.807445e+14, 4.668428e+14
0.0117, 4.778815e+14, 5.005735e+14, 4.668053e+14, 5.296041e+14, 4.508024e+14, 4.991800e+14, 4.496034e+14, 4.787832e+14, 5.366959e+14, 5.302933e+14, 5.117902e+14, 4.604350e+14, 5.133724e+14, 4.818252e+14, 4.677175e+14
0.0118, 4.788870e+14, 5.017071e+14, 4.677248e+14, 5.310046e+14, 4.515072e+14, 5.003641e+14, 4.503447e+14, 4.797616e+14, 5.381796e+14, 5.317060e+14, 5.130570e+14, 4.612225e+14, 5.147615e+14, 4.829074e+14, 4.685932e+14
0.0119, 4.798935e+14, 5.028410e+14, 4.686455e+14, 5.324052e+14, 4.522129e+14, 5.015485e+14, 4.510872e+14, 4.807410e+14, 5.396633e+14, 5.331190e+14, 5.143239e+14, 4.620105e+14, 5.161513e+14, 4.839910e+14, 4.694699e+14
0.012, 4.809012e+14, 5.039751e+14, 4.695674e+14, 5.338058e+14, 4.529196e+14, 5.027332e+14, 4.518311e+14, 4.817212e+14, 5.411470e+14, 5.345321e+14, 5.155909e+14, 4.627991e+14, 5.175420e+14, 4.850761e+14, 4.703475e+14
0.0121, 4.819101e+14, 5.051096e+14, 4.704905e+14, 5.352065e+14, 4.536272e+14, 5.039183e+14, 4.525762e+14, 4.827024e+14, 5.426306e+14, 5.359453e+14, 5.168580e+14, 4.635882e+14, 5.189335e+14, 4.861625e+14, 4.712261e+14
0.0122, 4.829200e+14, 5.062444e+14, 4.714149e+14, 5.366073e+14, 4.543358e+14, 5.051036e+14, 4.533226e+14, 4.836844e+14, 5.441143e+14, 5.373588e+14, 5.181252e+14, 4.643780e+14, 5.203259e+14, 4.872504e+14, 4.721056e+14
0.0123, 4.839311e+14, 5.073795e+14, 4.723404e+14, 5.380082e+14, 4.550453e+14, 5.062893e+14, 4.540701e+14, 4.846674e+14, 5.455979e+14, 5.387724e+14, 5.193924e+14, 4.651683e+14, 5.217190e+14, 4.883396e+14, 4.729861e+14
0.0124, 4.849433e+14, 5.085150e+14, 4.732671e+14, 5.394091e+14, 4.557558e+14, 5.074753e+14, 4.548190e+14, 4.856512e+14, 5.470816e+14, 5.401862e+14, 5.206598e+14, 4.659592e+14, 5.231129e+14, 4.894302e+14, 4.738675e+14
0.0125, 4.859565e+14, 5.096507e+14, 4.741950e+14, 5.408100e+14, 4.564672e+14, 5.086617e+14, 4.555690e+14, 4.866358e+14, 5.485652e+14, 5.416001e+14, 5.219272e+14, 4.667506e+14, 5.245075e+14, 4.905222e+14, 4.747498e+14
0.0126, 4.869709e+14, 5.107867e+14, 4.751241e+14, 5.422111e+14, 4.571795e+14, 5.098483e+14, 4.563202e+14, 4.876214e+14, 5.500488e+14, 5.430142e+14, 5.231947e+14, 4.675427e+14, 5.259030e+14, 4.916155e+14, 4.756331e+14
0.0127, 4.879863e+14, 5.119231e+14, 4.760543e+14, 5.436122e+14, 4.578927e+14, 5.110352e+14, 4.570726e+14, 4.886078e+14, 5.515324e+14, 5.444285e+14, 5.244623e+14, 4.683353e+14, 5.272992e+14, 4.927102e+14, 4.765174e+14
0.0128, 4.890027e+14, 5.130598e+14, 4.769857e+14, 5.450134e+14, 4.586069e+14, 5.122225e+14, 4.578262e+14, 4.895950e+14, 5.530159e+14, 5.458430e+14, 5.257300e+14, 4.691284e+14, 5.286961e+14, 4.938062e+14, 4.774025e+14
0.0129, 4.900203e+14, 5.141967e+14, 4.779182e+14, 5.464147e+14, 4.593219e+14, 5.134100e+14, 4.585809e+14, 4.905832e+14, 5.544995e+14, 5.472576e+14, 5.269978e+14, 4.699221e+14, 5.300938e+14, 4.949036e+14, 4.782886e+14
0.013, 4.910388e+14, 5.153340e+14, 4.788518e+14, 5.478161e+14, 4.600378e+14, 5.145978e+14, 4.593368e+14, 4.915721e+14, 5.559830e+14, 5.486723e+14, 5.282657e+14, 4.707164e+14, 5.314922e+14, 4.960022e+14, 4.791756e+14
0.0131, 4.920584e+14, 5.164716e+14, 4.797866e+14, 5.492175e+14, 4.607546e+14, 5.157860e+14, 4.600939e+14, 4.925619e+14, 5.574666e+14, 5.500872e+14, 5.295337e+14, 4.715112e+14, 5.328913e+14, 4.971022e+14, 4.800636e+14
0.0132, 4.930790e+14, 5.176096e+14, 4.807225e+14, 5.506190e+14, 4.614723e+14, 5.169744e+14, 4.608520e+14, 4.935525e+14, 5.589501e+14, 5.515023e+14, 5.308017e+14, 4.723066e+14, 5.342912e+14, 4.982035e+14, 4.809524e+14
0.0133, 4.941007e+14, 5.187478e+14, 4.816595e+14, 5.520206e+14, 4.621909e+14, 5.181631e+14, 4.616113e+14, 4.945440e+14, 5.604335e+14, 5.529175e+14, 5.320699e+14, 4.731025e+14, 5.356917e+14, 4.993060e+14, 4.818421e+14
0.0134, 4.951233e+14, 5.198864e+14, 4.825976e+14, 5.534223e+14, 4.629103e+14, 5.193521e+14, 4.623717e+14, 4.955363e+14, 5.619170e+14, 5.543329e+14, 5.333381e+14, 4.738989e+14, 5.370929e+14, 5.004098e+14, 4.827328e+14
0.0135, 4.961470e+14, 5.210252e+14, 4.835368e+14, 5.548241e+14, 4.636306e+14, 5.205414e+14, 4.631332e+14, 4.965294e+14, 5.634004e+14, 5.557484e+14, 5.346065e+14, 4.746959e+14, 5.384948e+14, 5.015149e+14, 4.836244e+14
0.0136, 4.971716e+14, 5.221644e+14, 4.844770e+14, 5.562259e+14, 4.643518e+14, 5.217309e+14, 4.638958e+14, 4.975233e+14, 5.648839e+14, 5.571640e+14, 5.358749e+14, 4.754935e+14, 5.398974e+14, 5.026212e+14, 4.845168e+14
0.0137, 4.981973e+14, 5.233039e+14, 4.854184e+14, 5.576278e+14, 4.650738e+14, 5.229208e+14, 4.646595e+14, 4.985180e+14, 5.663673e+14, 5.585798e+14, 5.371434e+14, 4.762916e+14, 5.413006e+14, 5.037288e+14, 4.854102e+14
0.0138, 4.992239e+14, 5.244437e+14, 4.863608e+14, 5.590298e+14, 4.657966e+14, 5.241109e+14, 4.654242e+14, 4.995135e+14, 5.678506e+14, 5.599957e+14, 5.384120e+14, 4.770902e+14, 5.427045e+14, 5.048376e+14, 4.863044e+14
0.0139, 5.002515e+14, 5.255838e+14, 4.873043e+14, 5.604319e+14, 4.665203e+14, 5.253013e+14, 4.661900e+14, 5.005098e+14, 5.693340e+14, 5.614118e+14, 5.396807e+14, 4.778894e+14, 5.441090e+14, 5.059477e+14, 4.871995e+14
0.014, 5.012800e+14, 5.267243e+14, 4.882488e+14, 5.618341e+14, 4.672448e+14, 5.264920e+14, 4.669569e+14, 5.015070e+14, 5.708173e+14, 5.628280e+14, 5.409495e+14, 4.786891e+14, 5.455142e+14, 5.070589e+14, 4.880955e+14
0.0141, 5.023095e+14, 5.278650e+14, 4.891944e+14, 5.632363e+14, 4.679702e+14, 5.276829e+14, 4.677248e+14, 5.025049e+14, 5.723006e+14, 5.642443e+14, 5.422184e+14, 4.794893e+14, 5.469200e+14, 5.081714e+14, 4.889924e+14
0.0142, 5.033399e+14, 5.290061e+14, 4.901410e+14, 5.646386e+14, 4.686964e+14, 5.288741e+14, 4.684937e+14, 5.035035e+14, 5.737839e+14, 5.656608e+14, 5.434873e+14, 4.802901e+14, 5.483265e+14, 5.092851e+14, 4.898902e+14
0.0143, 5.043713e+14, 5.301475e+14, 4.910886e+14, 5.660411e+14, 4.694233e+14, 5.300656e+14, 4.692636e+14, 5.045030e+14, 5.752671e+14, 5.670774e+14, 5.447564e+14, 4.810913e+14, 5.497335e+14, 5.103999e+14, 4.907888e+14
0.0144, 5.054036e+14, 5.312892e+14, 4.920373e+14, 5.674436e+14, 4.701511e+14, 5.312573e+14, 4.700346e+14, 5.055032e+14, 5.767504e+14, 5.684941e+14, 5.460256e+14, 4.818931e+14, 5.511412e+14, 5.115160e+14, 4.916883e+14
0.0145, 5.064369e+14, 5.324312e+14, 4.929870e+14, 5.688462e+14, 4.708798e+14, 5.324493e+14, 4.708066e+14, 5.065042e+14, 5.782335e+14, 5.699109e+14, 5.472948e+14, 4.826955e+14, 5.525494e+14, 5.126332e+14, 4.925887e+14
0.0146, 5.074710e+14, 5.335735e+14, 4.939377e+14, 5.702488e+14, 4.716092e+14, 5.336416e+14, 4.715795e+14, 5.075060e+14, 5.797167e+14, 5.713279e+14, 5.485642e+14, 4.834983e+14, 5.539583e+14, 5.137516e+14, 4.934899e+14
0.0147, 5.085061e+14, 5.347161e+14, 4.948894e+14, 5.716516e+14, 4.723394e+14, 5.348341e+14, 4.723535e+14, 5.085085e+14, 5.811998e+14, 5.727450e+14, 5.498336e+14, 4.843017e+14, 5.553677e+14, 5.148711e+14, 4.943920e+14
0.0148, 5.095421e+14, 5.358591e+14, 4.958420e+14, 5.730544e+14, 4.730704e+14, 5.360268e+14, 4.731284e+14, 5.095118e+14, 5.826829e+14, 5.741622e+14, 5.511031e+14, 4.851056e+14, 5.567778e+14, 5.159918e+14, 4.952949e+14
0.0149, 5.105789e+14, 5.370023e+14, 4.967957e+14, 5.744574e+14, 4.738022e+14, 5.372198e+14, 4.739043e+14, 5.105158e+14, 5.841660e+14, 5.755795e+14, 5.523728e+14, 4.859100e+14, 5.581884e+14, 5.171136e+14, 4.961987e+14
0.015, 5.116167e+14, 5.381459e+14, 4.977504e+14, 5.758604e+14, 4.745347e+14, 5.384131e+14, 4.746812e+14, 5.115205e+14, 5.856490e+14, 5.769969e+14, 5.536425e+14, 4.867149e+14, 5.595995e+14, 5.182366e+14, 4.971034e+14
0.0151, 5.126553e+14, 5.392898e+14, 4.987060e+14, 5.772635e+14, 4.752681e+14, 5.396066e+14, 4.754590e+14, 5.125260e+14, 5.871321e+14, 5.784145e+14, 5.549123e+14, 4.875203e+14, 5.610112e+14, 5.193607e+14, 4.980088e+14
0.0152, 5.136948e+14, 5.404340e+14, 4.996626e+14, 5.786667e+14, 4.760022e+14, 5.408003e+14, 4.762378e+14, 5.135323e+14, 5.886150e+14, 5.798322e+14, 5.561822e+14, 4.883262e+14, 5.624235e+14, 5.204859e+14, 4.989152e+14
0.0153, 5.147352e+14, 5.415785e+14, 5.006202e+14, 5.800700e+14, 4.767371e+14, 5.419943e+14, 4.770175e+14, 5.145392e+14, 5.900980e+14, 5.812500e+14, 5.574522e+14, 4.891327e+14, 5.638363e+14, 5.216122e+14, 4.998223e+14
0.0154, 5.157764e+14, 5.427233e+14, 5.015787e+14, 5.814733e+14, 4.774728e+14, 5.431885e+14, 4.777981e+14, 5.155469e+14, 5.915809e+14, 5.826678e+14, 5.587223e+14, 4.899396e+14, 5.652497e+14, 5.227396e+14, 5.007303e+14
0.0155, 5.168185e+14, 5.438684e+14, 5.025381e+14, 5.828768e+14, 4.782092e+14, 5.443830e+14, 4.785797e+14, 5.165553e+14, 5.930637e+14, 5.840858e+14, 5.599925e+14, 4.907471e+14, 5.666636e+14, 5.238681e+14, 5.016391e+14
0.0156, 5.178615e+14, 5.450139e+14, 5.034985e+14, 5.842803e+14, 4.789464e+14, 5.455777e+14, 4.793622e+14, 5.175644e+14, 5.945466e+14, 5.855039e+14, 5.612628e+14, 4.915550e+14, 5.680780e+14, 5.249977e+14, 5.025488e+14
0.0157, 5.189052e+14, 5.461596e+14, 5.044598e+14, 5.856840e+14, 4.796843e+14, 5.467726e+14, 4.801455e+14, 5.185742e+14, 5.960293e+14, 5.869222e+14, 5.625332e+14, 4.923634e+14, 5.694929e+14, 5.261283e+14, 5.034593e+14
0.0158, 5.199498e+14, 5.473057e+14, 5.054221e+14, 5.870877e+14, 4.804230e+14, 5.479677e+14, 4.809298e+14, 5.195848e+14, 5.975121e+14, 5.883405e+14, 5.638037e+14, 4.931724e+14, 5.709083e+14, 5.272600e+14, 5.043705e+14
0.0159, 5.209953e+14, 5.484520e+14, 5.063853e+14, 5.884915e+14, 4.811624e+14, 5.491631e+14, 4.817150e+14, 5.205960e+14, 5.989948e+14, 5.897589e+14, 5.650743e+14, 4.939818e+14, 5.723243e+14, 5.283928e+14, 5.052827e+14
0.016, 5.220416e+14, 5.495987e+14, 5.073494e+14, 5.898954e+14, 4.819026e+14, 5.503587e+14, 4.825010e+14, 5.216079e+14, 6.004775e+14, 5.911774e+14, 5.663450e+14, 4.947917e+14, 5.737407e+14, 5.295267e+14, 5.061956e+14
0.0161, 5.230886e+14, 5.507457e+14, 5.083144e+14, 5.912993e+14, 4.826435e+14, 5.515545e+14, 4.832880e+14, 5.226205e+14, 6.019601e+14, 5.925960e+14, 5.676157e+14, 4.956022e+14, 5.751576e+14, 5.306616e+14, 5.071093e+14
0.0162, 5.241365e+14, 5.518930e+14, 5.092803e+14, 5.927034e+14, 4.833851e+14, 5.527506e+14, 4.840758e+14, 5.236338e+14, 6.034427e+14, 5.940147e+14, 5.688866e+14, 4.964131e+14, 5.765751e+14, 5.317975e+14, 5.080238e+14
0.0163, 5.251852e+14, 5.530406e+14, 5.102471e+14, 5.941075e+14, 4.841274e+14, 5.539468e+14, 4.848645e+14, 5.246478e+14, 6.049253e+14, 5.954335e+14, 5.701576e+14, 4.972245e+14, 5.779930e+14, 5.329345e+14, 5.089392e+14
0.0164, 5.262347e+14, 5.541884e+14, 5.112148e+14, 5.955118e+14, 4.848705e+14, 5.551433e+14, 4.856540e+14, 5.256624e+14, 6.064078e+14, 5.968524e+14, 5.714286e+14, 4.980363e+14, 5.794114e+14, 5.340725e+14, 5.098553e+14
0.0165, 5.272850e+14, 5.553366e+14, 5.121833e+14, 5.969161e+14, 4.856143e+14, 5.563400e+14, 4.864444e+14, 5.266778e+14, 6.078902e+14, 5.982714e+14, 5.726998e+14, 4.988487e+14, 5.808302e+14, 5.352115e+14, 5.107722e+14
0.0166, 5.283361e+14, 5.564851e+14, 5.131528e+14, 5.983205e+14, 4.863588e+14, 5.575369e+14, 4.872356e+14, 5.276938e+14, 6.093727e+14, 5.996904e+14, 5.739710e+14, 4.996615e+14, 5.822495e+14, 5.363515e+14, 5.116899e+14
0.0167, 5.293880e+14, 5.576339e+14, 5.141231e+14, 5.997250e+14, 4.871041e+14, 5.587340e+14, 4.880276e+14, 5.287104e+14, 6.108550e+14, 6.011096e+14, 5.752424e+14, 5.004748e+14, 5.836693e+14, 5.374925e+14, 5.126084e+14
0.0168, 5.304406e+14, 5.587830e+14, 5.150943e+14, 6.011295e+14, 4.878500e+14, 5.599313e+14, 4.888205e+14, 5.297278e+14, 6.123374e+14, 6.025288e+14, 5.765138e+14, 5.012886e+14, 5.850895e+14, 5.386345e+14, 5.135277e+14
0.0169, 5.314940e+14, 5.599324e+14, 5.160663e+14, 6.025342e+14, 4.885966e+14, 5.611288e+14, 4.896142e+14, 5.307457e+14, 6.138197e+14, 6.039482e+14, 5.777854e+14, 5.021029e+14, 5.865102e+14, 5.397775e+14, 5.144478e+14
0.017, 5.325482e+14, 5.610821e+14, 5.170392e+14, 6.039389e+14, 4.893440e+14, 5.623265e+14, 4.904088e+14, 5.317643e+14, 6.153019e+14, 6.053676e+14, 5.790570e+14, 5.029177e+14, 5.879313e+14, 5.409215e+14, 5.153686e+14
0.0171, 5.336031e+14, 5.622321e+14, 5.180129e+14, 6.053437e+14, 4.900920e+14, 5.635244e+14, 4.912041e+14, 5.327836e+14, 6.167841e+14, 6.067871e+14, 5.803287e+14, 5.037329e+14, 5.893528e+14, 5.420665e+14, 5.162902e+14
0.0172, 5.346587e+14, 5.633824e+14, 5.189875e+14, 6.067486e+14, 4.908407e+14, 5.647225e+14, 4.920002e+14, 5.338035e+14, 6.182662e+14, 6.082066e+14, 5.816006e+14, 5.045486e+14, 5.907748e+14, 5.432124e+14, 5.172126e+14
0.0173, 5.357152e+14, 5.645330e+14, 5.199629e+14, 6.081536e+14, 4.915901e+14, 5.659208e+14, 4.927972e+14, 5.348241e+14, 6.197483e+14, 6.096263e+14, 5.828725e+14, 5.053647e+14, 5.921972e+14, 5.443593e+14, 5.181358e+14
0.0174, 5.367723e+14, 5.656839e+14, 5.209392e+14, 6.095587e+14, 4.923402e+14, 5.671193e+14, 4.935949e+14, 5.358452e+14, 6.212304e+14, 6.110460e+14, 5.841445e+14, 5.061813e+14, 5.936200e+14, 5.455072e+14, 5.190597e+14
0.0175, 5.378302e+14, 5.668351e+14, 5.219162e+14, 6.109638e+14, 4.930910e+14, 5.683180e+14, 4.943934e+14, 5.368671e+14, 6.227124e+14, 6.124658e+14, 5.854166e+14, 5.069984e+14, 5.950433e+14, 5.466560e+14, 5.199844e+14
0.0176, 5.388889e+14, 5.679865e+14, 5.228941e+14, 6.123690e+14, 4.938425e+14, 5.695168e+14, 4.951927e+14, 5.378895e+14, 6.241943e+14, 6.138857e+14, 5.866889e+14, 5.078160e+14, 5.964669e+14, 5.478057e+14, 5.209098e+14
0.0177, 5.399482e+14, 5.691383e+14, 5.238728e+14, 6.137744e+14, 4.945946e+14, 5.707159e+14, 4.959928e+14, 5.389125e+14, 6.256762e+14, 6.153056e+14, 5.879612e+14, 5.086340e+14, 5.978909e+14, 5.489564e+14, 5.218360e+14
0.0178, 5.410083e+14, 5.702904e+14, 5.248523e+14, 6.151797e+14, 4.953474e+14, 5.719151e+14, 4.967936e+14, 5.399362e+14, 6.271580e+14, 6.167256e+14, 5.892336e+14, 5.094524e+14, 5.993154e+14, 5.501080e+14, 5.227629e+14
0.0179, 5.420691e+14, 5.714427e+14, 5.258327e+14, 6.165852e+14, 4.961009e+14, 5.731145e+14, 4.975952e+14, 5.409605e+14, 6.286398e+14, 6.181457e+14, 5.905061e+14, 5.102714e+14, 6.007402e+14, 5.512606e+14, 5.236906e+14
0.018, 5.431306e+14, 5.725954e+14, 5.268138e+14, 6.179908e+14, 4.968550e+14, 5.743141e+14, 4.983976e+14, 5.419854e+14, 6.301216e+14, 6.195659e+14, 5.917787e+14, 5.110908e+14, 6.021654e+14, 5.524140e+14, 5.246191e+14
0.0181, 5.441928e+14, 5.737483e+14, 5.277957e+14, 6.193964e+14, 4.976098e+14, 5.755139e+14, 4.992007e+14, 5.430108e+14, 6.316032e+14, 6.209861e+14, 5.930513e+14, 5.119106e+14, 6.035910e+14, 5.535684e+14, 5.255482e+14
0.0182, 5.452556e+14, 5.749015e+14, 5.287783e+14, 6.208021e+14, 4.983652e+14, 5.767139e+14, 5.000045e+14, 5.440369e+14, 6.330849e+14, 6.224063e+14, 5.943241e+14, 5.127309e+14, 6.050170e+14, 5.547237e+14, 5.264781e+14
0.0183, 5.463192e+14, 5.760550e+14, 5.297618e+14, 6.222079e+14, 4.991214e+14, 5.779140e+14, 5.008091e+14, 5.450636e+14, 6.345664e+14, 6.238267e+14, 5.955970e+14, 5.135516e+14, 6.064433e+14, 5.558798e+14, 5.274088e+14
0.0184, 5.473835e+14, 5.772088e+14, 5.307460e+14, 6.236137e+14, 4.998781e+14, 5.791142e+14, 5.016144e+14, 5.460909e+14, 6.360479e+14, 6.252471e+14, 5.968700e+14, 5.143728e+14, 6.078701e+14, 5.570369e+14, 5.283402e+14
0.0185, 5.484485e+14, 5.783628e+14, 5.317310e+14, 6.250197e+14, 5.006355e+14, 5.803147e+14, 5.024205e+14, 5.471187e+14, 6.375294e+14, 6.266676e+14, 5.981430e+14, 5.151944e+14, 6.092971e+14, 5.581949e+14, 5.292722e+14
0.0186, 5.495141e+14, 5.795172e+14, 5.327168e+14, 6.264257e+14, 5.013935e+14, 5.815153e+14, 5.032272e+14, 5.481472e+14, 6.390108e+14, 6.280881e+14, 5.994162e+14, 5.160165e+14, 6.107246e+14, 5.593537e+14, 5.302051e+14
0.0187, 5.505804e+14, 5.806718e+14, 5.337033e+14, 6.278317e+14, 5.021522e+14, 5.827161e+14, 5.040347e+14, 5.491762e+14, 6.404921e+14, 6.295087e+14, 6.006894e+14, 5.168390e+14, 6.121523e+14, 5.605134e+14, 5.311386e+14
0.0188, 5.516474e+14, 5.818267e+14, 5.346906e+14, 6.292379e+14, 5.029115e+14, 5.839170e+14, 5.048429e+14, 5.502058e+14, 6.419734e+14, 6.309293e+14, 6.019628e+14, 5.176620e+14, 6.135805e+14, 5.616740e+14, 5.320729e+14
0.0189, 5.527151e+14, 5.829819e+14, 5.356786e+14, 6.306441e+14, 5.036715e+14, 5.851181e+14, 5.056518e+14, 5.512359e+14, 6.434546e+14, 6.323500e+14, 6.032362e+14, 5.184854e+14, 6.150090e+14, 5.628354e+14, 5.330078e+14
0.019, 5.537834e+14, 5.841374e+14, 5.366674e+14, 6.320504e+14, 5.044321e+14, 5.863194e+14, 5.064614e+14, 5.522667e+14, 6.449358e+14, 6.337707e+14, 6.045097e+14, 5.193092e+14, 6.164378e+14, 5.639977e+14, 5.339435e+14
0.0191, 5.548524e+14, 5.852931e+14, 5.376569e+14, 6.334568e+14, 5.051933e+14, 5.875208e+14, 5.072717e+14, 5.532980e+14, 6.464169e+14, 6.351915e+14, 6.057833e+14, 5.201335e+14, 6.178669e+14, 5.651608e+14, 5.348799e+14
0.0192, 5.559220e+14, 5.864491e+14, 5.386471e+14, 6.348632e+14, 5.059551e+14, 5.887223e+14, 5.080827e+14, 5.543298e+14, 6.478979e+14, 6.366123e+14, 6.070570e+14, 5.209582e+14, 6.192964e+14, 5.663248e+14, 5.358170e+14
0.0193, 5.569922e+14, 5.876054e+14, 5.396381e+14, 6.362698e+14, 5.067175e+14, 5.899240e+14, 5.088944e+14, 5.553622e+14, 6.493789e+14, 6.380332e+14, 6.083308e+14, 5.217834e+14, 6.207262e+14, 5.674897e+14, 5.367548e+14
0.0194, 5.580632e+14, 5.887620e+14, 5.406298e+14, 6.376763e+14, 5.074806e+14, 5.911259e+14, 5.097068e+14, 5.563952e+14, 6.508598e+14, 6.394541e+14, 6.096047e+14, 5.226090e+14, 6.221563e+14, 5.686553e+14, 5.376932e+14
0.0195, 5.591347e+14, 5.899188e+14, 5.416222e+14, 6.390830e+14, 5.082443e+14, 5.923279e+14, 5.105198e+14, 5.574286e+14, 6.523407e+14, 6.408751e+14, 6.108787e+14, 5.234350e+14, 6.235868e+14, 5.698218e+14, 5.386324e+14
0.0196, 5.602069e+14, 5.910759e+14, 5.426153e+14, 6.404897e+14, 5.090085e+14, 5.935300e+14, 5.113335e+14, 5.584627e+14, 6.538215e+14, 6.422961e+14, 6.121527e+14, 5.242614e+14, 6.250175e+14, 5.709891e+14, 5.395723e+14
0.0197, 5.612797e+14, 5.922333e+14, 5.436092e+14, 6.418965e+14, 5.097734e+14, 5.947323e+14, 5.121479e+14, 5.594973e+14, 6.553022e+14, 6.437172e+14, 6.134269e+14, 5.250883e+14, 6.264486e+14, 5.721573e+14, 5.405128e+14
0.0198, 5.623531e+14, 5.933909e+14, 5.446037e+14, 6.433034e+14, 5.105389e+14, 5.959347e+14, 5.129629e+14, 5.605324e+14, 6.567828e+14, 6.451383e+14, 6.147011e+14, 5.259155e+14, 6.278799e+14, 5.733262e+14, 5.414540e+14
0.0199, 5.634271e+14, 5.945488e+14, 5.455989e+14, 6.447103e+14, 5.113050e+14, 5.971373e+14, 5.137786e+14, 5.615680e+14, 6.582634e+14, 6.465594e+14, 6.159755e+14, 5.267433e+14, 6.293116e+14, 5.744959e+14, 5.423960e+14
0.02, 5.645018e+14, 5.957070e+14, 5.465948e+14, 6.461173e+14, 5.120717e+14, 5.983400e+14, 5.145949e+14, 5.626042e+14, 6.597439e+14, 6.479806e+14, 6.172499e+14, 5.275714e+14, 6.307435e+14, 5.756665e+14, 5.433385e+14
0.0201, 5.655771e+14, 5.968654e+14, 5.475915e+14, 6.475243e+14, 5.128390e+14, 5.995428e+14, 5.154119e+14, 5.636409e+14, 6.612244e+14, 6.494018e+14, 6.185244e+14, 5.283999e+14, 6.321757e+14, 5.768378e+14, 5.442818e+14
0.0202, 5.666529e+14, 5.980241e+14, 5.485888e+14, 6.489314e+14, 5.136069e+14, 6.007457e+14, 5.162295e+14, 5.646781e+14, 6.627048e+14, 6.508231e+14, 6.197989e+14, 5.292289e+14, 6.336082e+14, 5.780100e+14, 5.452257e+14
0.0203, 5.677294e+14, 5.991831e+14, 5.495867e+14, 6.503386e+14, 5.143753e+14, 6.019488e+14, 5.170478e+14, 5.657158e+14, 6.641851e+14, 6.522444e+14, 6.210736e+14, 5.300583e+14, 6.350410e+14, 5.791829e+14, 5.461703e+14
0.0204, 5.688065e+14, 6.003423e+14, 5.505854e+14, 6.517458e+14, 5.151444e+14, 6.031520e+14, 5.178667e+14, 5.667540e+14, 6.656653e+14, 6.536657e+14, 6.223484e+14, 5.308881e+14, 6.364741e+14, 5.803566e+14, 5.471156e+14
0.0205, 5.698842e+14, 6.015018e+14, 5.515847e+14, 6.531531e+14, 5.159140e+14, 6.043553e+14, 5.186862e+14, 5.677928e+14, 6.671455e+14, 6.550870e+14, 6.236232e+14, 5.317183e+14, 6.379075e+14, 5.815310e+14, 5.480615e+14
0.0206, 5.709624e+14, 6.026615e+14, 5.525847e+14, 6.545605e+14, 5.166842e+14, 6.055588e+14, 5.195064e+14, 5.688320e+14, 6.686256e+14, 6.565084e+14, 6.248981e+14, 5.325489e+14, 6.393411e+14, 5.827063e+14, 5.490080e+14
0.0207, 5.720412e+14, 6.038215e+14, 5.535853e+14, 6.559679e+14, 5.174549e+14, 6.067623e+14, 5.203272e+14, 5.698718e+14, 6.701056e+14, 6.579298e+14, 6.261731e+14, 5.333800e+14, 6.407749e+14, 5.838823e+14, 5.499553e+14
0.0208, 5.731207e+14, 6.049817e+14, 5.545866e+14, 6.573754e+14, 5.182263e+14, 6.079660e+14, 5.211486e+14, 5.709120e+14, 6.715856e+14, 6.593512e+14, 6.274482e+14, 5.342114e+14, 6.422091e+14, 5.850590e+14, 5.509031e+14
0.0209, 5.742007e+14, 6.061422e+14, 5.555886e+14, 6.587829e+14, 5.189982e+14, 6.091698e+14, 5.219706e+14, 5.719527e+14, 6.730655e+14, 6.607727e+14, 6.287234e+14, 5.350433e+14, 6.436434e+14, 5.862365e+14, 5.518517e+14
0.021, 5.752812e+14, 6.073029e+14, 5.565912e+14, 6.601905e+14, 5.197707e+14, 6.103737e+14, 5.227932e+14, 5.729940e+14, 6.745453e+14, 6.621941e+14, 6.299986e+14, 5.358755e+14, 6.450781e+14, 5.874148e+14, 5.528008e+14
0.0211, 5.763624e+14, 6.084639e+14, 5.575944e+14, 6.615981e+14, 5.205437e+14, 6.115777e+14, 5.236164e+14, 5.740357e+14, 6.760250e+14, 6.636156e+14, 6.312739e+14, 5.367082e+14, 6.465130e+14, 5.885938e+14, 5.537506e+14
0.0212, 5.774441e+14, 6.096251e+14, 5.585983e+14, 6.630058e+14, 5.213173e+14, 6.127819e+14, 5.244402e+14, 5.750779e+14, 6.775047e+14, 6.650371e+14, 6.325493e+14, 5.375413e+14, 6.479481e+14, 5.897735e+14, 5.547010e+14
0.0213, 5.785263e+14, 6.107866e+14, 5.596028e+14, 6.644136e+14, 5.220915e+14, 6.139861e+14, 5.252646e+14, 5.761205e+14, 6.789843e+14, 6.664587e+14, 6.338248e+14, 5.383747e+14, 6.493835e+14, 5.909540e+14, 5.556521e+14
0.0214, 5.796092e+14, 6.119483e+14, 5.606080e+14, 6.658213e+14, 5.228662e+14, 6.151904e+14, 5.260896e+14, 5.771637e+14, 6.804638e+14, 6.678802e+14, 6.351004e+14, 5.392086e+14, 6.508191e+14, 5.921352e+14, 5.566038e+14
0.0215, 5.806925e+14, 6.131103e+14, 5.616137e+14, 6.672292e+14, 5.236415e+14, 6.163948e+14, 5.269151e+14, 5.782073e+14, 6.819433e+14, 6.693018e+14, 6.363760e+14, 5.400428e+14, 6.522549e+14, 5.933171e+14, 5.575561e+14
0.0216, 5.817765e+14, 6.142725e+14, 5.626201e+14, 6.686371e+14, 5.244173e+14, 6.175994e+14, 5.277413e+14, 5.792513e+14, 6.834226e+14, 6.707234e+14, 6.376517e+14, 5.408775e+14, 6.536909e+14, 5.944997e+14, 5.585091e+14
0.0217, 5.828609e+14, 6.154349e+14, 5.636271e+14, 6.700450e+14, 5.251936e+14, 6.188040e+14, 5.285680e+14, 5.802959e+14, 6.849019e+14, 6.721450e+14, 6.389275e+14, 5.417125e+14, 6.551272e+14, 5.956831e+14, 5.594626e+14
0.0218, 5.839459e+14, 6.165976e+14, 5.646348e+14, 6.714530e+14, 5.259705e+14, 6.200087e+14, 5.293953e+14, 5.813409e+14, 6.863811e+14, 6.735666e+14, 6.402034e+14, 5.425480e+14, 6.565637e+14, 5.968671e+14, 5.604168e+14
0.0219, 5.850315e+14, 6.177605e+14, 5.656430e+14, 6.728611e+14, 5.267479e+14, 6.212135e+14, 5.302232e+14, 5.823863e+14, 6.878602e+14, 6.749882e+14, 6.414793e+14, 5.433838e+14, 6.580004e+14, 5.980519e+14, 5.613716e+14
0.022, 5.861176e+14, 6.189237e+14, 5.666518e+14, 6.742692e+14, 5.275259e+14, 6.224185e+14, 5.310516e+14, 5.834323e+14, 6.893393e+14, 6.764098e+14, 6.427553e+14, 5.442200e+14, 6.594373e+14, 5.992373e+14, 5.623270e+14
0.0221, 5.872042e+14, 6.200870e+14, 5.676612e+14, 6.756773e+14, 5.283044e+14, 6.236235e+14, 5.318806e+14, 5.844786e+14, 6.908182e+14, 6.778314e+14, 6.440314e+14, 5.450566e+14, 6.608745e+14, 6.004234e+14, 5.632830e+14
0.0222, 5.882913e+14, 6.212507e+14, 5.686713e+14, 6.770855e+14, 5.290834e+14, 6.248285e+14, 5.327102e+14, 5.855254e+14, 6.922971e+14, 6.792531e+14, 6.453076e+14, 5.458936e+14, 6.623118e+14, 6.016103e+14, 5.642396e+14
0.0223, 5.893790e+14, 6.224145e+14, 5.696819e+14, 6.784937e+14, 5.298630e+14, 6.260337e+14, 5.335403e+14, 5.865727e+14, 6.937759e+14, 6.806747e+14, 6.465838e+14, 5.467310e+14, 6.637493e+14, 6.027978e+14, 5.651968e+14
0.0224, 5.904671e+14, 6.235786e+14, 5.706931e+14, 6.799020e+14, 5.306430e+14, 6.272390e+14, 5.343710e+14, 5.876203e+14, 6.952546e+14, 6.820964e+14, 6.478601e+14, 5.475688e+14, 6.651871e+14, 6.039860e+14, 5.661546e+14
0.0225, 5.915558e+14, 6.247429e+14, 5.717049e+14, 6.813103e+14, 5.314236e+14, 6.284443e+14, 5.352022e+14, 5.886685e+14, 6.967333e+14, 6.835180e+14, 6.491364e+14, 5.484069e+14, 6.666250e+14, 6.051748e+14, 5.671130e+14
0.0226, 5.926450e+14, 6.259074e+14, 5.727172e+14, 6.827186e+14, 5.322047e+14, 6.296497e+14, 5.360339e+14, 5.897170e+14, 6.982118e+14, 6.849397e+14, 6.504129e+14, 5.492454e+14, 6.680631e+14, 6.063644e+14, 5.680720e+14
0.0227, 5.937347e+14, 6.270721e+14, 5.737302e+14, 6.841270e+14, 5.329864e+14, 6.308552e+14, 5.368662e+14, 5.907660e+14, 6.996903e+14, 6.863613e+14, 6.516894e+14, 5.500843e+14, 6.695014e+14, 6.075546e+14, 5.690316e+14
0.0228, 5.948250e+14, 6.282371e+14, 5.747437e+14, 6.855354e+14, 5.337685e+14, 6.320607e+14, 5.376990e+14, 5.918154e+14, 7.011686e+14, 6.877830e+14, 6.529659e+14, 5.509236e+14, 6.709399e+14, 6.087454e+14, 5.699917e+14
0.0229, 5.959157e+14, 6.294023e+14, 5.757577e+14, 6.869439e+14, 5.345511e+14, 6.332664e+14, 5.385324e+14, 5.928652e+14, 7.026469e+14, 6.892046e+14, 6.542426e+14, 5.517632e+14, 6.723786e+14, 6.099369e+14, 5.709525e+14
0.023, 5.970069e+14, 6.305677e+14, 5.767724e+14, 6.883523e+14, 5.353343e+14, 6.344721e+14, 5.393662e+14, 5.939155e+14, 7.041251e+14, 6.906263e+14, 6.555193e+14, 5.526033e+14, 6.738174e+14, 6.111291e+14, 5.719138e+14
0.0231, 5.980986e+14, 6.317333e+14, 5.777876e+14, 6.897609e+14, 5.361180e+14, 6.356778e+14, 5.402006e+14, 5.949661e+14, 7.056033e+14, 6.920479e+14, 6.567960e+14, 5.534436e+14, 6.752564e+14, 6.123219e+14, 5.728757e+14
0.0232, 5.991908e+14, 6.328992e+14, 5.788033e+14, 6.911694e+14, 5.369021e+14, 6.368837e+14, 5.410356e+14, 5.960172e+14, 7.070813e+14, 6.934695e+14, 6.580728e+14, 5.542844e+14, 6.766956e+14, 6.135153e+14, 5.738382e+14
0.0233, 6.002835e+14, 6.340652e+14, 5.798196e+14, 6.925780e+14, 5.376868e+14, 6.380896e+14, 5.418710e+14, 5.970687e+14, 7.085592e+14, 6.948912e+14, 6.593497e+14, 5.551255e+14, 6.781349e+14, 6.147094e+14, 5.748012e+14
0.0234, 6.013766e+14, 6.352315e+14, 5.808365e+14, 6.939866e+14, 5.384719e+14, 6.392955e+14, 5.427069e+14, 5.981206e+14, 7.100371e+14, 6.963128e+14, 6.606267e+14, 5.559670e+14, 6.795744e+14, 6.159041e+14, 5.757648e+14
0.0235, 6.024703e+14, 6.363980e+14, 5.818538e+14, 6.953953e+14, 5.392575e+14, 6.405015e+14, 5.435434e+14, 5.991728e+14, 7.115149e+14, 6.977344e+14, 6.619037e+14, 5.568089e+14, 6.810140e+14, 6.170995e+14, 5.767289e+14
0.0236, 6.035644e+14, 6.375647e+14, 5.828718e+14, 6.968040e+14, 5.400437e+14, 6.417076e+14, 5.443803e+14, 6.002255e+14, 7.129925e+14, 6.991560e+14, 6.631807e+14, 5.576511e+14, 6.824538e+14, 6.182954e+14, 5.776936e+14
0.0237, 6.046590e+14, 6.387316e+14, 5.838902e+14, 6.982127e+14, 5.408303e+14, 6.429138e+14, 5.452178e+14, 6.012786e+14, 7.144701e+14, 7.005775e+14, 6.644579e+14, 5.584937e+14, 6.838938e+14, 6.194920e+14, 5.786589e+14
0.0238, 6.057541e+14, 6.398987e+14, 5.849092e+14, 6.996214e+14, 5.416174e+14, 6.441199e+14, 5.460558e+14, 6.023321e+14, 7.159476e+14, 7.019991e+14, 6.657350e+14, 5.593367e+14, 6.853339e+14, 6.206892e+14, 5.796247e+14
0.0239, 6.068496e+14, 6.410660e+14, 5.859288e+14, 7.010302e+14, 5.424049e+14, 6.453262e+14, 5.468942e+14, 6.033859e+14, 7.174250e+14, 7.034206e+14, 6.670123e+14, 5.601800e+14, 6.867741e+14, 6.218870e+14, 5.805911e+14
0.024, 6.079456e+14, 6.422335e+14, 5.869488e+14, 7.024390e+14, 5.431930e+14, 6.465325e+14, 5.477332e+14, 6.044401e+14, 7.189023e+14, 7.048422e+14, 6.682896e+14, 5.610236e+14, 6.882145e+14, 6.230854e+14, 5.815580e+14
0.0241, 6.090420e+14, 6.434012e+14, 5.879694e+14, 7.038478e+14, 5.439815e+14, 6.477388e+14, 5.485726e+14, 6.054948e+14, 7.203795e+14, 7.062637e+14, 6.695669e+14, 5.618676e+14, 6.896551e+14, 6.242845e+14, 5.825254e+14
0.0242, 6.101390e+14, 6.445691e+14, 5.889905e+14, 7.052566e+14, 5.447705e+14, 6.489452e+14, 5.494125e+14, 6.065498e+14, 7.218566e+14, 7.076851e+14, 6.708443e+14, 5.627120e+14, 6.910957e+14, 6.254841e+14, 5.834934e+14
0.0243, 6.112363e+14, 6.457372e+14, 5.900120e+14, 7.066655e+14, 5.455600e+14, 6.501516e+14, 5.502529e+14, 6.076051e+14, 7.233336e+14, 7.091066e+14, 6.721217e+14, 5.635567e+14, 6.925365e+14, 6.266843e+14, 5.844619e+14
0.0244, 6.123341e+14, 6.469055e+14, 5.910342e+14, 7.080743e+14, 5.463499e+14, 6.513581e+14, 5.510938e+14, 6.086609e+14, 7.248106e+14, 7.105280e+14, 6.733992e+14, 5.644018e+14, 6.939774e+14, 6.278851e+14, 5.854310e+14
0.0245, 6.134324e+14, 6.480740e+14, 5.920568e+14, 7.094832e+14, 5.471403e+14, 6.525646e+14, 5.519351e+14, 6.097170e+14, 7.262874e+14, 7.119495e+14, 6.746768e+14, 5.652473e+14, 6.954184e+14, 6.290864e+14, 5.864006e+14
0.0246, 6.145311e+14, 6.492427e+14, 5.930799e+14, 7.108921e+14, 5.479312e+14, 6.537711e+14, 5.527769e+14, 6.107735e+14, 7.277641e+14, 7.133708e+14, 6.759544e+14, 5.660930e+14, 6.968596e+14, 6.302884e+14, 5.873707e+14
0.0247, 6.156302e+14, 6.504116e+14, 5.941035e+14, 7.123010e+14, 5.487225e+14, 6.549777e+14, 5.536192e+14, 6.118303e+14, 7.292408e+14, 7.147922e+14, 6.772320e+14, 5.669391e+14, 6.983009e+14, 6.314909e+14, 5.883413e+14
0.0248, 6.167298e+14, 6.515807e+14, 5.951276e+14, 7.137100e+14, 5.495143e+14, 6.561843e+14, 5.544619e+14, 6.128875e+14, 7.307173e+14, 7.162135e+14, 6.785097e+14, 5.677856e+14, 6.997422e+14, 6.326940e+14, 5.893125e+14
0.0249, 6.178298e+14, 6.527499e+14, 5.961522e+14, 7.151189e+14, 5.503065e+14, 6.573909e+14, 5.553051e+14, 6.139451e+14, 7.321937e+14, 7.176348e+14, 6.797875e+14, 5.686324e+14, 7.011837e+14, 6.338977e+14, 5.902841e+14
0.025, 6.189303e+14, 6.539194e+14, 5.971773e+14, 7.165279e+14, 5.510992e+14, 6.585976e+14, 5.561488e+14, 6.150030e+14, 7.336701e+14, 7.190561e+14, 6.810652e+14, 5.694796e+14, 7.026253e+14, 6.351019e+14, 5.912563e+14
0.0251, 6.200312e+14, 6.550890e+14, 5.982028e+14, 7.179369e+14, 5.518923e+14, 6.598043e+14, 5.569929e+14, 6.160612e+14, 7.351463e+14, 7.204773e+14, 6.823431e+14, 5.703271e+14, 7.040671e+14, 6.363067e+14, 5.922290e+14
0.0252, 6.211325e+14, 6.562588e+14, 5.992289e+14, 7.193459e+14, 5.526859e+14, 6.610110e+14, 5.578375e+14, 6.171198e+14, 7.366224e+14, 7.218986e+14, 6.836209e+14, 5.711749e+14, 7.055089e+14, 6.375121e+14, 5.932022e+14
0.0253, 6.222342e+14, 6.574288e+14, 6.002554e+14, 7.207549e+14, 5.534799e+14, 6.622178e+14, 5.586825e+14, 6.181788e+14, 7.380984e+14, 7.233197e+14, 6.848988e+14, 5.720230e+14, 7.069508e+14, 6.387180e+14, 5.941759e+14
0.0254, 6.233363e+14, 6.585990e+14, 6.012824e+14, 7.221639e+14, 5.542743e+14, 6.634246e+14, 5.595280e+14, 6.192380e+14, 7.395744e+14, 7.247409e+14, 6.861768e+14, 5.728715e+14, 7.083928e+14, 6.399244e+14, 5.951501e+14
0.0255, 6.244389e+14, 6.597693e+14, 6.023099e+14, 7.235729e+14, 5.550692e+14, 6.646313e+14, 5.603739e+14, 6.202977e+14, 7.410502e+14, 7.261620e+14, 6.874548e+14, 5.737204e+14, 7.098349e+14, 6.411314e+14, 5.961248e+14
0.0256, 6.255418e+14, 6.609398e+14, 6.033378e+14, 7.249819e+14, 5.558645e+14, 6.658382e+14, 5.612202e+14, 6.213576e+14, 7.425259e+14, 7.275830e+14, 6.887328e+14, 5.745695e+14, 7.112770e+14, 6.423389e+14, 5.971000e+14
0.0257, 6.266452e+14, 6.621105e+14, 6.043662e+14, 7.263909e+14, 5.566603e+14, 6.670450e+14, 5.620670e+14, 6.224179e+14, 7.440015e+14, 7.290040e+14, 6.900109e+14, 5.754190e+14, 7.127193e+14, 6.435470e+14, 5.980757e+14
0.0258, 6.277490e+14, 6.632814e+14, 6.053950e+14, 7.278000e+14, 5.574564e+14, 6.682518e+14, 5.629142e+14, 6.234785e+14, 7.454770e+14, 7.304250e+14, 6.912890e+14, 5.762689e+14, 7.141617e+14, 6.447556e+14, 5.990519e+14
0.0259, 6.288532e+14, 6.644525e+14, 6.064243e+14, 7.292090e+14, 5.582530e+14, 6.694587e+14, 5.637618e+14, 6.245395e+14, 7.469524e+14, 7.318459e+14, 6.925671e+14, 5.771190e+14, 7.156041e+14, 6.459647e+14, 6.000285e+14
0.026, 6.299578e+14, 6.656237e+14, 6.074541e+14, 7.306180e+14, 5.590501e+14, 6.706655e+14, 5.646099e+14, 6.256007e+14, 7.484277e+14, 7.332668e+14, 6.938453e+14, 5.779695e+14, 7.170466e+14, 6.471744e+14, 6.010057e+14
0.0261, 6.310627e+14, 6.667951e+14, 6.084843e+14, 7.320271e+14, 5.598475e+14, 6.718724e+14, 5.654583e+14, 6.266623e+14, 7.499029e+14, 7.346877e+14, 6.951235e+14, 5.788203e+14, 7.184892e+14, 6.483845e+14, 6.019833e+14
0.0262, 6.321681e+14, 6.679666e+14, 6.095150e+14, 7.334361e+14, 5.606454e+14, 6.730793e+14, 5.663072e+14, 6.277242e+14, 7.513780e+14, 7.361085e+14, 6.964017e+14, 5.796714e+14, 7.199318e+14, 6.495952e+14, 6.029614e+14
0.0263, 6.332739e+14, 6.691383e+14, 6.105461e+14, 7.348451e+14, 5.614436e+14, 6.742861e+14, 5.671566e+14, 6.287864e+14, 7.528530e+14, 7.375292e+14, 6.976800e+14, 5.805228e+14, 7.213745e+14, 6.508064e+14, 6.039400e+14
0.0264, 6.343800e+14, 6.703102e+14, 6.115776e+14, 7.362542e+14, 5.622423e+14, 6.754930e+14, 5.680063e+14, 6.298489e+14, 7.543278e+14, 7.389499e+14, 6.989583e+14, 5.813746e+14, 7.228173e+14, 6.520181e+14, 6.049190e+14
0.0265, 6.354866e+14, 6.714822e+14, 6.126096e+14, 7.376632e+14, 5.630414e+14, 6.766999e+14, 5.688564e+14, 6.309118e+14, 7.558026e+14, 7.403706e+14, 7.002366e+14, 5.822267e+14, 7.242602e+14, 6.532303e+14, 6.058985e+14
0.0266, 6.365935e+14, 6.726544e+14, 6.136420e+14, 7.390722e+14, 5.638409e+14, 6.779068e+14, 5.697070e+14, 6.319749e+14, 7.572772e+14, 7.417911e+14, 7.015149e+14, 5.830791e+14, 7.257031e+14, 6.544430e+14, 6.068785e+14
0.0267, 6.377008e+14, 6.738268e+14, 6.146748e+14, 7.404812e+14, 5.646409e+14, 6.791137e+14, 5.705579e+14, 6.330383e+14, 7.587518e+14, 7.432117e+14, 7.027933e+14, 5.839318e+14, 7.271460e+14, 6.556562e+14, 6.078590e+14
0.0268, 6.388085e+14, 6.749993e+14, 6.157081e+14, 7.418902e+14, 5.654412e+14, 6.803205e+14, 5.714093e+14, 6.341021e+14, 7.602262e+14, 7.446322e+14, 7.040717e+14, 5.847848e+14, 7.285890e+14, 6.568698e+14, 6.088399e+14
0.0269, 6.399166e+14, 6.761719e+14, 6.167418e+14, 7.432992e+14, 5.662419e+14, 6.815274e+14, 5.722610e+14, 6.351661e+14, 7.617005e+14, 7.460526e+14, 7.053501e+14, 5.856382e+14, 7.300321e+14, 6.580840e+14, 6.098212e+14
0.027, 6.410250e+14, 6.773447e+14, 6.177759e+14, 7.447082e+14, 5.670430e+14, 6.827343e+14, 5.731132e+14, 6.362304e+14, 7.631747e+14, 7.474730e+14, 7.066286e+14, 5.864918e+14, 7.314752e+14, 6.592987e+14, 6.108030e+14
0.0271, 6.421338e+14, 6.785177e+14, 6.188104e+14, 7.461171e+14, 5.678445e+14, 6.839411e+14, 5.739657e+14, 6.372950e+14, 7.646487e+14, 7.488933e+14, 7.079070e+14, 5.873458e+14, 7.329184e+14, 6.605138e+14, 6.117853e+14
0.0272, 6.432429e+14, 6.796908e+14, 6.198453e+14, 7.475261e+14, 5.686464e+14, 6.851480e+14, 5.748186e+14, 6.383599e+14, 7.661227e+14, 7.503136e+14, 7.091855e+14, 5.882000e+14, 7.343616e+14, 6.617294e+14, 6.127680e+14
0.0273, 6.443525e+14, 6.808641e+14, 6.208807e+14, 7.489350e+14, 5.694487e+14, 6.863548e+14, 5.756719e+14, 6.394251e+14, 7.675965e+14, 7.517338e+14, 7.104640e+14, 5.890546e+14, 7.358048e+14, 6.629455e+14, 6.137511e+14
0.0274, 6.454624e+14, 6.820375e+14, 6.219164e+14, 7.503440e+14, 5.702514e+14, 6.875616e+14, 5.765256e+14, 6.404905e+14, 7.690703e+14, 7.531539e+14, 7.117425e+14, 5.899095e+14, 7.372481e+14, 6.641621e+14, 6.147347e+14
0.0275, 6.465726e+14, 6.832110e+14, 6.229526e+14, 7.517529e+14, 5.710544e+14, 6.887684e+14, 5.773797e+14, 6.415563e+14, 7.705439e+14, 7.545740e+14, 7.130210e+14, 5.907646e+14, 7.386914e+14, 6.653791e+14, 6.157187e+14
0.0276, 6.476832e+14, 6.843847e+14, 6.239892e+14, 7.531618e+14, 5.718579e+14, 6.899751e+14, 5.782342e+14, 6.426223e+14, 7.720174e+14, 7.559940e+14, 7.142996e+14, 5.916201e+14, 7.401347e+14, 6.665966e+14, 6.167032e+14
0.0277, 6.487941e+14, 6.855586e+14, 6.250261e+14, 7.545706e+14, 5.726617e+14, 6.911819e+14, 5.790890e+14, 6.436886e+14, 7.734907e+14, 7.574139e+14, 7.155782e+14, 5.924759e+14, 7.415781e+14, 6.678145e+14, 6.176881e+14
0.0278, 6.499054e+14, 6.867326e+14, 6.260635e+14, 7.559795e+14, 5.734659e+14, 6.923886e+14, 5.799442e+14, 6.447551e+14, 7.749640e+14, 7.588338e+14, 7.168567e+14, 5.933320e+14, 7.430215e+14, 6.690329e+14, 6.186734e+14
0.0279, 6.510171e+14, 6.879067e+14, 6.271012e+14, 7.573883e+14, 5.742705e+14, 6.935953e+14, 5.807998e+14, 6.458220e+14, 7.764371e+14, 7.602536e+14, 7.181353e+14, 5.941883e+14, 7.444649e+14, 6.702517e+14, 6.196591e+14
0.028, 6.521291e+14, 6.890809e+14, 6.281393e+14, 7.587971e+14, 5.750754e+14, 6.948020e+14, 5.816557e+14, 6.468890e+14, 7.779101e+14, 7.616733e+14, 7.194139e+14, 5.950450e+14, 7.459083e+14, 6.714710e+14, 6.206453e+14
0.0281, 6.532414e+14, 6.902553e+14, 6.291778e+14, 7.602059e+14, 5.758807e+14, 6.960086e+14, 5.825120e+14, 6.479564e+14, 7.793830e+14, 7.630930e+14, 7.206925e+14, 5.959019e+14, 7.473517e+14, 6.726908e+14, 6.216319e+14
0.0282, 6.543541e+14, 6.914298e+14, 6.302167e+14, 7.616147e+14, 5.766864e+14, 6.972152e+14, 5.833687e+14, 6.490240e+14, 7.808558e+14, 7.645126e+14, 7.219711e+14, 5.967592e+14, 7.487952e+14, 6.739109e+14, 6.226189e+14
0.0283, 6.554671e+14, 6.926045e+14, 6.312560e+14, 7.630234e+14, 5.774925e+14, 6.984218e+14, 5.842257e+14, 6.500919e+14, 7.823284e+14, 7.659321e+14, 7.232497e+14, 5.976167e+14, 7.502387e+14, 6.751316e+14, 6.236063e+14
0.0284, 6.565804e+14, 6.937792e+14, 6.322957e+14, 7.644321e+14, 5.782989e+14, 6.996284e+14, 5.850831e+14, 6.511600e+14, 7.838010e+14, 7.673516e+14, 7.245284e+14, 5.984745e+14, 7.516822e+14, 6.763526e+14, 6.245941e+14
0.0285, 6.576941e+14, 6.949541e+14, 6.333357e+14, 7.658408e+14, 5.791056e+14, 7.008349e+14, 5.859408e+14, 6.522283e+14, 7.852734e+14, 7.687709e+14, 7.258070e+14, 5.993327e+14, 7.531257e+14, 6.775741e+14, 6.255824e+14
0.0286, 6.588081e+14, 6.961292e+14, 6.343761e+14, 7.672495e+14, 5.799128e+14, 7.020413e+14, 5.867989e+14, 6.532969e+14, 7.867456e+14, 7.701902e+14, 7.270856e+14, 6.001910e+14, 7.545691e+14, 6.787960e+14, 6.265710e+14
0.0287, 6.599224e+14, 6.973043e+14, 6.354168e+14, 7.686581e+14, 5.807203e+14, 7.032478e+14, 5.876573e+14, 6.543658e+14, 7.882178e+14, 7.716095e+14, 7.283643e+14, 6.010497e+14, 7.560126e+14, 6.800183e+14, 6.275601e+14
0.0288, 6.610371e+14, 6.984796e+14, 6.364580e+14, 7.700667e+14, 5.815281e+14, 7.044542e+14, 5.885161e+14, 6.554349e+14, 7.896898e+14, 7.730286e+14, 7.296429e+14, 6.019087e+14, 7.574561e+14, 6.812410e+14, 6.285495e+14
0.0289, 6.621520e+14, 6.996550e+14, 6.374994e+14, 7.714752e+14, 5.823363e+14, 7.056605e+14, 5.893752e+14, 6.565042e+14, 7.911617e+14, 7.744477e+14, 7.309215e+14, 6.027679e+14, 7.588996e+14, 6.824642e+14, 6.295393e+14
0.029, 6.632673e+14, 7.008305e+14, 6.385413e+14, 7.728838e+14, 5.831448e+14, 7.068668e+14, 5.902347e+14, 6.575738e+14, 7.926334e+14, 7.758666e+14, 7.322001e+14, 6.036274e+14, 7.603431e+14, 6.836877e+14, 6.305296e+14
0.0291, 6.643829e+14, 7.020061e+14, 6.395835e+14, 7.742922e+14, 5.839537e+14, 7.080731e+14, 5.910945e+14, 6.586436e+14, 7.941051e+14, 7.772855e+14, 7.334788e+14, 6.044872e+14, 7.617866e+14, 6.849117e+14, 6.315202e+14
0.0292, 6.654988e+14, 7.031819e+14, 6.406260e+14, 7.757007e+14, 5.847629e+14, 7.092793e+14, 5.919546e+14, 6.597137e+14, 7.955766e+14, 7.787043e+14, 7.347574e+14, 6.053473e+14, 7.632300e+14, 6.861361e+14, 6.325112e+14
0.0293, 6.666150e+14, 7.043577e+14, 6.416689e+14, 7.771091e+14, 5.855725e+14, 7.104855e+14, 5.928151e+14, 6.607839e+14, 7.970480e+14, 7.801231e+14, 7.360360e+14, 6.062077e+14, 7.646735e+14, 6.873609e+14, 6.335026e+14
0.0294, 6.677316e+14, 7.055337e+14, 6.427122e+14, 7.785175e+14, 5.863824e+14, 7.116916e+14, 5.936759e+14, 6.618544e+14, 7.985192e+14, 7.815417e+14, 7.373146e+14, 6.070683e+14, 7.661169e+14, 6.885861e+14, 6.344944e+14
0.0295, 6.688484e+14, 7.067098e+14, 6.437558e+14, 7.799258e+14, 5.871926e+14, 7.128976e+14, 5.945370e+14, 6.629252e+14, 7.999903e+14, 7.829602e+14, 7.385932e+14, 6.079292e+14, 7.675603e+14, 6.898116e+14, 6.354866e+14
0.0296, 6.699655e+14, 7.078860e+14, 6.447997e+14, 7.813341e+14, 5.880032e+14, 7.141036e+14, 5.953984e+14, 6.639961e+14, 8.014613e+14, 7.843787e+14, 7.398718e+14, 6.087903e+14, 7.690037e+14, 6.910376e+14, 6.364791e+14
0.0297, 6.710830e+14, 7.090623e+14, 6.458440e+14, 7.827423e+14, 5.888141e+14, 7.153096e+14, 5.962602e+14, 6.650672e+14, 8.029322e+14, 7.857971e+14, 7.411504e+14, 6.096518e+14, 7.704471e+14, 6.922639e+14, 6.374721e+14
0.0298, 6.722007e+14, 7.102387e+14, 6.468886e+14, 7.841505e+14, 5.896253e+14, 7.165155e+14, 5.971222e+14, 6.661386e+14, 8.044029e+14, 7.872153e+14, 7.424289e+14, 6.105135e+14, 7.718904e+14, 6.934907e+14, 6.384653e+14
0.0299, 6.733187e+14, 7.114152e+14, 6.479335e+14, 7.855587e+14, 5.904368e+14, 7.177213e+14, 5.979846e+14, 6.672102e+14, 8.058735e+14, 7.886335e+14, 7.437075e+14, 6.113754e+14, 7.733337e+14, 6.947178e+14, 6.394590e+14
0.03, 6.744370e+14, 7.125918e+14, 6.489788e+14, 7.869668e+14, 5.912487e+14, 7.189270e+14, 5.988473e+14, 6.682820e+14, 8.073439e+14, 7.900516e+14, 7.449860e+14, 6.122376e+14, 7.747770e+14, 6.959453e+14, 6.404530e+14
0.0301, 6.755556e+14, 7.137686e+14, 6.500244e+14, 7.883749e+14, 5.920609e+14, 7.201327e+14, 5.997104e+14, 6.693540e+14, 8.088142e+14, 7.914696e+14, 7.462645e+14, 6.131001e+14, 7.762203e+14, 6.971732e+14, 6.414474e+14
0.0302, 6.766745e+14, 7.149454e+14, 6.510703e+14, 7.897829e+14, 5.928734e+14, 7.213384e+14, 6.005737e+14, 6.704262e+14, 8.102844e+14, 7.928875e+14, 7.475430e+14, 6.139629e+14, 7.776635e+14, 6.984014e+14, 6.424422e+14
0.0303, 6.777937e+14, 7.161223e+14, 6.521166e+14, 7.911909e+14, 5.936863e+14, 7.225440e+14, 6.014373e+14, 6.714986e+14, 8.117544e+14, 7.943053e+14, 7.488215e+14, 6.148259e+14, 7.791066e+14, 6.996300e+14, 6.434373e+14
0.0304, 6.789132e+14, 7.172993e+14, 6.531631e+14, 7.925988e+14, 5.944994e+14, 7.237495e+14, 6.023013e+14, 6.725713e+14, 8.132243e+14, 7.957230e+14, 7.501000e+14, 6.156891e+14, 7.805498e+14, 7.008590e+14, 6.444327e+14
0.0305, 6.800329e+14, 7.184764e+14, 6.542100e+14, 7.940066e+14, 5.953129e+14, 7.249549e+14, 6.031655e+14, 6.736441e+14, 8.146941e+14, 7.971406e+14, 7.513784e+14, 6.165526e+14, 7.819929e+14, 7.020883e+14, 6.454286e+14
0.0306, 6.811529e+14, 7.196536e+14, 6.552572e+14, 7.954144e+14, 5.961266e+14, 7.261602e+14, 6.040300e+14, 6.747171e+14, 8.161637e+14, 7.985581e+14, 7.526568e+14, 6.174164e+14, 7.834359e+14, 7.033180e+14, 6.464247e+14
0.0307, 6.822732e+14, 7.208309e+14, 6.563047e+14, 7.968222e+14, 5.969407e+14, 7.273655e+14, 6.048949e+14, 6.757903e+14, 8.176332e+14, 7.999755e+14, 7.539352e+14, 6.182804e+14, 7.848789e+14, 7.045481e+14, 6.474212e+14
0.0308, 6.833938e+14, 7.220083e+14, 6.573525e+14, 7.982299e+14, 5.977551e+14, 7.285707e+14, 6.057600e+14, 6.768637e+14, 8.191025e+14, 8.013928e+14, 7.552136e+14, 6.191447e+14, 7.863218e+14, 7.057785e+14, 6.484181e+14
0.0309, 6.845147e+14, 7.231858e+14, 6.584006e+14, 7.996375e+14, 5.985698e+14, 7.297759e+14, 6.066254e+14, 6.779373e+14, 8.205717e+14, 8.028100e+14, 7.564919e+14, 6.200092e+14, 7.877647e+14, 7.070092e+14, 6.494153e+14
0.031, 6.856358e+14, 7.243633e+14, 6.594490e+14, 8.010451e+14, 5.993848e+14, 7.309809e+14, 6.074911e+14, 6.790110e+14, 8.220408e+14, 8.042271e+14, 7.577702e+14, 6.208740e+14, 7.892076e+14, 7.082403e+14, 6.504128e+14
0.0311, 6.867571e+14, 7.255410e+14, 6.604978e+14, 8.024526e+14, 6.002001e+14, 7.321859e+14, 6.083571e+14, 6.800850e+14, 8.235097e+14, 8.056440e+14, 7.590485e+14, 6.217390e+14, 7.906503e+14, 7.094717e+14, 6.514107e+14
0.0312, 6.878788e+14, 7.267187e+14, 6.615468e+14, 8.038601e+14, 6.010157e+14, 7.333908e+14, 6.092234e+14, 6.811591e+14, 8.249785e+14, 8.070609e+14, 7.603267e+14, 6.226043e+14, 7.920930e+14, 7.107035e+14, 6.524089e+14
0.0313, 6.890007e+14, 7.278965e+14, 6.625961e+14, 8.052675e+14, 6.018315e+14, 7.345956e+14, 6.100899e+14, 6.822334e+14, 8.264471e+14, 8.084777e+14, 7.616050e+14, 6.234698e+14, 7.935357e+14, 7.119356e+14, 6.534075e+14
0.0314, 6.901228e+14, 7.290744e+14, 6.636457e+14, 8.066748e+14, 6.026477e+14, 7.358003e+14, 6.109567e+14, 6.833079e+14, 8.279156e+14, 8.098943e+14, 7.628831e+14, 6.243356e+14, 7.949783e+14, 7.131680e+14, 6.544063e+14
0.0315, 6.912452e+14, 7.302523e+14, 6.646956e+14, 8.080821e+14, 6.034642e+14, 7.370050e+14, 6.118239e+14, 6.843826e+14, 8.293839e+14, 8.113108e+14, 7.641613e+14, 6.252016e+14, 7.964208e+14, 7.144008e+14, 6.554055e+14
0.0316, 6.923679e+14, 7.314304e+14, 6.657457e+14, 8.094893e+14, 6.042809e+14, 7.382095e+14, 6.126912e+14, 6.854574e+14, 8.308521e+14, 8.127273e+14, 7.654394e+14, 6.260678e+14, 7.978633e+14, 7.156339e+14, 6.564050e+14
0.0317, 6.934908e+14, 7.326085e+14, 6.667962e+14, 8.108965e+14, 6.050980e+14, 7.394140e+14, 6.135589e+14, 6.865324e+14, 8.323201e+14, 8.141436e+14, 7.667175e+14, 6.269343e+14, 7.993056e+14, 7.168673e+14, 6.574049e+14
0.0318, 6.946140e+14, 7.337867e+14, 6.678469e+14, 8.123035e+14, 6.059153e+14, 7.406184e+14, 6.144268e+14, 6.876075e+14, 8.337880e+14, 8.155598e+14, 7.679955e+14, 6.278010e+14, 8.007479e+14, 7.181010e+14, 6.584050e+14
0.0319, 6.957374e+14, 7.349650e+14, 6.688979e+14, 8.137106e+14, 6.067329e+14, 7.418227e+14, 6.152950e+14, 6.886829e+14, 8.352557e+14, 8.169758e+14, 7.692735e+14, 6.286679e+14, 8.021902e+14, 7.193351e+14, 6.594055e+14
0.032, 6.968611e+14, 7.361433e+14, 6.699492e+14, 8.151175e+14, 6.075508e+14, 7.430268e+14, 6.161635e+14, 6.897583e+14, 8.367233e+14, 8.183918e+14, 7.705515e+14, 6.295351e+14, 8.036323e+14, 7.205694e+14, 6.604063e+14
0.0321, 6.979850e+14, 7.373217e+14, 6.710008e+14, 8.165244e+14, 6.083689e+14, 7.442309e+14, 6.170322e+14, 6.908340e+14, 8.381908e+14, 8.198076e+14, 7.718294e+14, 6.304025e+14, 8.050744e+14, 7.218041e+14, 6.614074e+14
0.0322, 6.991091e+14, 7.385002e+14, 6.720527e+14, 8.179311e+14, 6.091873e+14, 7.454349e+14, 6.179011e+14, 6.919098e+14, 8.396581e+14, 8.212233e+14, 7.731073e+14, 6.312701e+14, 8.065164e+14, 7.230391e+14, 6.624088e+14
0.0323, 7.002335e+14, 7.396787e+14, 6.731048e+14, 8.193379e+14, 6.100060e+14, 7.466388e+14, 6.187704e+14, 6.929858e+14, 8.411252e+14, 8.226389e+14, 7.743851e+14, 6.321380e+14, 8.079583e+14, 7.242744e+14, 6.634105e+14
0.0324, 7.013581e+14, 7.408573e+14, 6.741571e+14, 8.207445e+14, 6.108250e+14, 7.478426e+14, 6.196399e+14, 6.940619e+14, 8.425922e+14, 8.240544e+14, 7.756629e+14, 6.330061e+14, 8.094001e+14, 7.255100e+14, 6.644125e+14
0.0325, 7.024830e+14, 7.420360e+14, 6.752098e+14, 8.221511e+14, 6.116443e+14, 7.490463e+14, 6.205096e+14, 6.951381e+14, 8.440590e+14, 8.254698e+14, 7.769406e+14, 6.338744e+14, 8.108418e+14, 7.267459e+14, 6.654148e+14
0.0326, 7.036081e+14, 7.432147e+14, 6.762627e+14, 8.235576e+14, 6.124638e+14, 7.502499e+14, 6.213796e+14, 6.962145e+14, 8.455257e+14, 8.268850e+14, 7.782183e+14, 6.347429e+14, 8.122835e+14, 7.279820e+14, 6.664174e+14
0.0327, 7.047334e+14, 7.443935e+14, 6.773158e+14, 8.249640e+14, 6.132835e+14, 7.514534e+14, 6.222498e+14, 6.972911e+14, 8.469922e+14, 8.283001e+14, 7.794959e+14, 6.356117e+14, 8.137250e+14, 7.292185e+14, 6.674203e+14
0.0328, 7.058589e+14, 7.455723e+14, 6.783692e+14, 8.263703e+14, 6.141036e+14, 7.526567e+14, 6.231203e+14, 6.983678e+14, 8.484586e+14, 8.297150e+14, 7.807735e+14, 6.364807e+14, 8.151665e+14, 7.304553e+14, 6.684235e+14
0.0329, 7.069847e+14, 7.467512e+14, 6.794229e+14, 8.277766e+14, 6.149239e+14, 7.538600e+14, 6.239911e+14, 6.994446e+14, 8.499248e+14, 8.311299e+14, 7.820510e+14, 6.373499e+14, 8.166078e+14, 7.316923e+14, 6.694270e+14
0.033, 7.081107e+14, 7.479302e+14, 6.804768e+14, 8.291827e+14, 6.157444e+14, 7.550631e+14, 6.248620e+14, 7.005216e+14, 8.513908e+14, 8.325446e+14, 7.833285e+14, 6.382193e+14, 8.180491e+14, 7.329297e+14, 6.704308e+14
0.0331, 7.092369e+14, 7.491092e+14, 6.815310e+14, 8.305888e+14, 6.165652e+14, 7.562662e+14, 6.257332e+14, 7.015987e+14, 8.528567e+14, 8.339592e+14, 7.846059e+14, 6.390890e+14, 8.194902e+14, 7.341673e+14, 6.714348e+14
0.0332, 7.103633e+14, 7.502883e+14, 6.825854e+14, 8.319948e+14, 6.173863e+14, 7.574691e+14, 6.266047e+14, 7.026759e+14, 8.543225e+14, 8.353736e+14, 7.858833e+14, 6.399588e+14, 8.209313e+14, 7.354051e+14, 6.724392e+14
0.0333, 7.114900e+14, 7.514674e+14, 6.836401e+14, 8.334008e+14, 6.182076e+14, 7.586719e+14, 6.274764e+14, 7.037533e+14, 8.557880e+14, 8.367879e+14, 7.871606e+14, 6.408289e+14, 8.223722e+14, 7.366433e+14, 6.734438e+14
0.0334, 7.126168e+14, 7.526465e+14, 6.846950e+14, 8.348066e+14, 6.190291e+14, 7.598746e+14, 6.283483e+14, 7.048308e+14, 8.572534e+14, 8.382021e+14, 7.884378e+14, 6.416992e+14, 8.238130e+14, 7.378817e+14, 6.744487e+14
0.0335, 7.137439e+14, 7.538258e+14, 6.857501e+14, 8.362123e+14, 6.198509e+14, 7.610772e+14, 6.292204e+14, 7.059084e+14, 8.587187e+14, 8.396162e+14, 7.897150e+14, 6.425697e+14, 8.252537e+14, 7.391204e+14, 6.754538e+14
0.0336, 7.148712e+14, 7.550050e+14, 6.868055e+14, 8.376180e+14, 6.206730e+14, 7.622797e+14, 6.300928e+14, 7.069862e+14, 8.601838e+14, 8.410301e+14, 7.909921e+14, 6.434404e+14, 8.266943e+14, 7.403594e+14, 6.764593e+14
0.0337, 7.159986e+14, 7.561843e+14, 6.878611e+14, 8.390236e+14, 6.214953e+14, 7.634820e+14, 6.309654e+14, 7.080640e+14, 8.616487e+14, 8.424438e+14, 7.922691e+14, 6.443113e+14, 8.281348e+14, 7.415986e+14, 6.774650e+14
0.0338, 7.171263e+14, 7.573637e+14, 6.889169e+14, 8.404290e+14, 6.223178e+14, 7.646842e+14, 6.318382e+14, 7.091420e+14, 8.631135e+14, 8.438575e+14, 7.935461e+14, 6.451824e+14, 8.295752e+14, 7.428381e+14, 6.784710e+14
0.0339, 7.182542e+14, 7.585430e+14, 6.899730e+14, 8.418344e+14, 6.231406e+14, 7.658863e+14, 6.327113e+14, 7.102201e+14, 8.645781e+14, 8.452710e+14, 7.948230e+14, 6.460537e+14, 8.310155e+14, 7.440779e+14, 6.794772e+14
0.034, 7.193823e+14, 7.597225e+14, 6.910293e+14, 8.432397e+14, 6.239636e+14, 7.670883e+14, 6.335845e+14, 7.112984e+14, 8.660425e+14, 8.466843e+14, 7.960999e+14, 6.469252e+14, 8.324556e+14, 7.453179e+14, 6.804837e+14
0.0341, 7.205106e+14, 7.609019e+14, 6.920858e+14, 8.446449e+14, 6.247869e+14, 7.682902e+14, 6.344580e+14, 7.123767e+14, 8.675068e+14, 8.480975e+14, 7.973767e+14, 6.477970e+14, 8.338956e+14, 7.465581e+14, 6.814905e+14
0.0342, 7.216391e+14, 7.620814e+14, 6.931425e+14, 8.460500e+14, 6.256103e+14, 7.694919e+14, 6.353317e+14, 7.134552e+14, 8.689709e+14, 8.495106e+14, 7.986534e+14, 6.486689e+14, 8.353355e+14, 7.477986e+14, 6.824975e+14
0.0343, 7.227678e+14, 7.632610e+14, 6.941995e+14, 8.474550e+14, 6.264340e+14, 7.706935e+14, 6.362056e+14, 7.145337e+14, 8.704348e+14, 8.509235e+14, 7.999300e+14, 6.495410e+14, 8.367752e+14, 7.490393e+14, 6.835047e+14
0.0344, 7.238967e+14, 7.644405e+14, 6.952567e+14, 8.488599e+14, 6.272580e+14, 7.718949e+14, 6.370798e+14, 7.156124e+14, 8.718986e+14, 8.523363e+14, 8.012066e+14, 6.504134e+14, 8.382149e+14, 7.502803e+14, 6.845123e+14
0.0345, 7.250257e+14, 7.656201e+14, 6.963141e+14, 8.502647e+14, 6.280821e+14, 7.730962e+14, 6.379541e+14, 7.166911e+14, 8.733622e+14, 8.537489e+14, 8.024831e+14, 6.512859e+14, 8.396544e+14, 7.515216e+14, 6.855200e+14
0.0346, 7.261550e+14, 7.667997e+14, 6.973717e+14, 8.516694e+14, 6.289065e+14, 7.742974e+14, 6.388286e+14, 7.177700e+14, 8.748256e+14, 8.551614e+14, 8.037595e+14, 6.521586e+14, 8.410937e+14, 7.527630e+14, 6.865281e+14
0.0347, 7.272844e+14, 7.679794e+14, 6.984295e+14, 8.530740e+14, 6.297311e+14, 7.754985e+14, 6.397034e+14, 7.188490e+14, 8.762889e+14, 8.565737e+14, 8.050359e+14, 6.530315e+14, 8.425330e+14, 7.540047e+14, 6.875363e+14
0.0348, 7.284141e+14, 7.691591e+14, 6.994875e+14, 8.544785e+14, 6.305560e+14, 7.766994e+14, 6.405783e+14, 7.199281e+14, 8.777520e+14, 8.579859e+14, 8.063121e+14, 6.539046e+14, 8.439720e+14, 7.552466e+14, 6.885448e+14
0.0349, 7.295439e+14, 7.703388e+14, 7.005458e+14, 8.558829e+14, 6.313810e+14, 7.779002e+14, 6.414534e+14, 7.210072e+14, 8.792149e+14, 8.593979e+14, 8.075883e+14, 6.547779e+14, 8.454110e+14, 7.564888e+14, 6.895536e+14
0.035, 7.306739e+14, 7.715185e+14, 7.016042e+14, 8.572872e+14, 6.322063e+14, 7.791008e+14, 6.423288e+14, 7.220865e+14, 8.806776e+14, 8.608098e+14, 8.088644e+14, 6.556514e+14, 8.468498e+14, 7.577312e+14, 6.905626e+14
0.0351, 7.318040e+14, 7.726983e+14, 7.026628e+14, 8.586914e+14, 6.330318e+14, 7.803013e+14, 6.432043e+14, 7.231659e+14, 8.821402e+14, 8.622215e+14, 8.101404e+14, 6.565251e+14, 8.482885e+14, 7.589738e+14, 6.915718e+14
0.0352, 7.329344e+14, 7.738781e+14, 7.037217e+14, 8.600955e+14, 6.338575e+14, 7.815017e+14, 6.440801e+14, 7.242453e+14, 8.836026e+14, 8.636330e+14, 8.114164e+14, 6.573989e+14, 8.497270e+14, 7.602166e+14, 6.925813e+14
0.0353, 7.340649e+14, 7.750579e+14, 7.047807e+14, 8.614995e+14, 6.346834e+14, 7.827019e+14, 6.449560e+14, 7.253248e+14, 8.850648e+14, 8.650444e+14, 8.126922e+14, 6.582730e+14, 8.511654e+14, 7.614596e+14, 6.935910e+14
0.0354, 7.351956e+14, 7.762377e+14, 7.058399e+14, 8.629033e+14, 6.355095e+14, 7.839020e+14, 6.458321e+14, 7.264044e+14, 8.865269e+14, 8.664557e+14, 8.139680e+14, 6.591472e+14, 8.526036e+14, 7.627029e+14, 6.946009e+14
0.0355, 7.363264e+14, 7.774175e+14, 7.068994e+14, 8.643071e+14, 6.363358e+14, 7.851019e+14, 6.467084e+14, 7.274841e+14, 8.879887e+14, 8.678668e+14, 8.152437e+14, 6.600216e+14, 8.540417e+14, 7.639464e+14, 6.956110e+14
0.0356, 7.374575e+14, 7.785974e+14, 7.079590e+14, 8.657107e+14, 6.371624e+14, 7.863017e+14, 6.475849e+14, 7.285639e+14, 8.894504e+14, 8.692777e+14, 8.165192e+14, 6.608962e+14, 8.554796e+14, 7.651900e+14, 6.966214e+14
0.0357, 7.385887e+14, 7.797773e+14, 7.090188e+14, 8.671142e+14, 6.379891e+14, 7.875013e+14, 6.484615e+14, 7.296438e+14, 8.909119e+14, 8.706885e+14, 8.177947e+14, 6.617710e+14, 8.569173e+14, 7.664339e+14, 6.976320e+14
0.0358, 7.397200e+14, 7.809572e+14, 7.100788e+14, 8.685177e+14, 6.388160e+14, 7.887008e+14, 6.493384e+14, 7.307237e+14, 8.923733e+14, 8.720991e+14, 8.190701e+14, 6.626459e+14, 8.583550e+14, 7.676780e+14, 6.986428e+14
0.0359, 7.408515e+14, 7.821370e+14, 7.111389e+14, 8.699210e+14, 6.396432e+14, 7.899001e+14, 6.502154e+14, 7.318037e+14, 8.938344e+14, 8.735095e+14, 8.203455e+14, 6.635211e+14, 8.597924e+14, 7.689223e+14, 6.996538e+14
0.036, 7.419832e+14, 7.833170e+14, 7.121993e+14, 8.713241e+14, 6.404705e+14, 7.910993e+14, 6.510926e+14, 7.328838e+14, 8.952954e+14, 8.749198e+14, 8.216207e+14, 6.643964e+14, 8.612297e+14, 7.701668e+14, 7.006650e+14
0.0361, 7.431151e+14, 7.844969e+14, 7.132598e+14, 8.727272e+14, 6.412980e+14, 7.922983e+14, 6.519700e+14, 7.339640e+14, 8.967562e+14, 8.763299e+14, 8.228958e+14, 6.652718e+14, 8.626668e+14, 7.714114e+14, 7.016765e+14
0.0362, 7.442470e+14, 7.856768e+14, 7.143205e+14, 8.741301e+14, 6.421257e+14, 7.934971e+14, 6.528476e+14, 7.350442e+14, 8.982168e+14, 8.777399e+14, 8.241708e+14, 6.661475e+14, 8.641038e+14, 7.726563e+14, 7.026881e+14
0.0363, 7.453792e+14, 7.868567e+14, 7.153814e+14, 8.755330e+14, 6.429537e+14, 7.946958e+14, 6.537253e+14, 7.361245e+14, 8.996772e+14, 8.791496e+14, 8.254457e+14, 6.670233e+14, 8.655406e+14, 7.739014e+14, 7.037000e+14
0.0364, 7.465115e+14, 7.880366e+14, 7.164425e+14, 8.769357e+14, 6.437818e+14, 7.958944e+14, 6.546032e+14, 7.372049e+14, 9.011375e+14, 8.805592e+14, 8.267206e+14, 6.678993e+14, 8.669772e+14, 7.751466e+14, 7.047121e+14
0.0365, 7.476439e+14, 7.892166e+14, 7.175037e+14, 8.783383e+14, 6.446101e+14, 7.970927e+14, 6.554813e+14, 7.382853e+14, 9.025976e+14, 8.819687e+14, 8.279953e+14, 6.687755e+14, 8.684137e+14, 7.763921e+14, 7.057244e+14
0.0366, 7.487765e+14, 7.903965e+14, 7.185651e+14, 8.797407e+14, 6.454385e+14, 7.982910e+14, 6.563595e+14, 7.393658e+14, 9.040574e+14, 8.833779e+14, 8.292699e+14, 6.696518e+14, 8.698499e+14, 7.776377e+14, 7.067368e+14
0.0367, 7.499093e+14, 7.915764e+14, 7.196267e+14, 8.811431e+14, 6.462672e+14, 7.994890e+14, 6.572379e+14, 7.404463e+14, 9.055171e+14, 8.847870e+14, 8.305444e+14, 6.705283e+14, 8.712861e+14, 7.788835e+14, 7.077495e+14
0.0368, 7.510422e+14, 7.927564e+14, 7.206884e+14, 8.825453e+14, 6.470961e+14, 8.006869e+14, 6.581165e+14, 7.415269e+14, 9.069766e+14, 8.861960e+14, 8.318189e+14, 6.714049e+14, 8.727220e+14, 7.801295e+14, 7.087624e+14
0.0369, 7.521752e+14, 7.939363e+14, 7.217503e+14, 8.839474e+14, 6.479251e+14, 8.018846e+14, 6.589952e+14, 7.426076e+14, 9.084359e+14, 8.876047e+14, 8.330932e+14, 6.722818e+14, 8.741577e+14, 7.813756e+14, 7.097755e+14
0.037, 7.533084e+14, 7.951162e+14, 7.228123e+14, 8.853493e+14, 6.487543e+14, 8.030822e+14, 6.598741e+14, 7.436883e+14, 9.098951e+14, 8.890133e+14, 8.343674e+14, 6.731587e+14, 8.755933e+14, 7.826219e+14, 7.107887e+14
0.0371, 7.544417e+14, 7.962961e+14, 7.238745e+14, 8.867511e+14, 6.495837e+14, 8.042796e+14, 6.607531e+14, 7.447691e+14, 9.113540e+14, 8.904217e+14, 8.356415e+14, 6.740359e+14, 8.770287e+14, 7.838684e+14, 7.118022e+14
0.0372, 7.555751e+14, 7.974760e+14, 7.249369e+14, 8.881528e+14, 6.504132e+14, 8.054768e+14, 6.616323e+14, 7.458499e+14, 9.128128e+14, 8.918299e+14, 8.369154e+14, 6.749132e+14, 8.784639e+14, 7.851151e+14, 7.128158e+14
0.0373, 7.567087e+14, 7.986559e+14, 7.259994e+14, 8.895544e+14, 6.512430e+14, 8.066738e+14, 6.625116e+14, 7.469307e+14, 9.142713e+14, 8.932379e+14, 8.381893e+14, 6.757906e+14, 8.798990e+14, 7.863619e+14, 7.138296e+14
0.0374, 7.578424e+14, 7.998358e+14, 7.270621e+14, 8.909558e+14, 6.520729e+14, 8.078707e+14, 6.633911e+14, 7.480116e+14, 9.157297e+14, 8.946458e+14, 8.394631e+14, 6.766682e+14, 8.813338e+14, 7.876089e+14, 7.148436e+14
0.0375, 7.589763e+14, 8.010157e+14, 7.281249e+14, 8.923571e+14, 6.529029e+14, 8.090674e+14, 6.642708e+14, 7.490926e+14, 9.171879e+14, 8.960535e+14, 8.407367e+14, 6.775460e+14, 8.827684e+14, 7.888560e+14, 7.158578e+14
0.0376, 7.601103e+14, 8.021956e+14, 7.291879e+14, 8.937583e+14, 6.537332e+14, 8.102639e+14, 6.651506e+14, 7.501736e+14, 9.186458e+14, 8.974610e+14, 8.420102e+14, 6.784239e+14, 8.842029e+14, 7.901033e+14, 7.168722e+14
0.0377, 7.612444e+14, 8.033754e+14, 7.302510e+14, 8.951593e+14, 6.545636e+14, 8.114602e+14, 6.660305e+14, 7.512546e+14, 9.201036e+14, 8.988683e+14, 8.432837e+14, 6.793020e+14, 8.856372e+14, 7.913508e+14, 7.178867e+14
0.0378, 7.623786e+14, 8.045553e+14, 7.313142e+14, 8.965602e+14, 6.553942e+14, 8.126564e+14, 6.669106e+14, 7.523357e+14, 9.215612e+14, 9.002754e+14, 8.445570e+14, 6.801802e+14, 8.870712e+14, 7.925984e+14, 7.189014e+14
0.0379, 7.635129e+14, 8.057351e+14, 7.323776e+14, 8.979610e+14, 6.562249e+14, 8.138524e+14, 6.677908e+14, 7.534168e+14, 9.230186e+14, 9.016824e+14, 8.458301e+14, 6.810586e+14, 8.885051e+14, 7.938462e+14, 7.199163e+14
0.038, 7.646474e+14, 8.069149e+14, 7.334412e+14, 8.993616e+14, 6.570558e+14, 8.150482e+14, 6.686712e+14, 7.544979e+14, 9.244758e+14, 9.030891e+14, 8.471032e+14, 6.819371e+14, 8.899388e+14, 7.950941e+14, 7.209314e+14
0.0381, 7.657820e+14, 8.080947e+14, 7.345048e+14, 9.007621e+14, 6.578869e+14, 8.162438e+14, 6.695517e+14, 7.555791e+14, 9.259328e+14, 9.044957e+14, 8.483761e+14, 6.828158e+14, 8.913723e+14, 7.963421e+14, 7.219466e+14
0.0382, 7.669167e+14, 8.092744e+14, 7.355686e+14, 9.021624e+14, 6.587181e+14, 8.174393e+14, 6.704323e+14, 7.566603e+14, 9.273896e+14, 9.059021e+14, 8.496489e+14, 6.836946e+14, 8.928056e+14, 7.975903e+14, 7.229620e+14
0.0383, 7.680516e+14, 8.104542e+14, 7.366326e+14, 9.035626e+14, 6.595495e+14, 8.186345e+14, 6.713130e+14, 7.577415e+14, 9.288462e+14, 9.073082e+14, 8.509216e+14, 6.845736e+14, 8.942386e+14, 7.988386e+14, 7.239775e+14
0.0384, 7.691865e+14, 8.116339e+14, 7.376966e+14, 9.049627e+14, 6.603810e+14, 8.198296e+14, 6.721939e+14, 7.588227e+14, 9.303026e+14, 9.087142e+14, 8.521942e+14, 6.854527e+14, 8.956715e+14, 8.000871e+14, 7.249932e+14
0.0385, 7.703216e+14, 8.128136e+14, 7.387609e+14, 9.063626e+14, 6.612127e+14, 8.210245e+14, 6.730750e+14, 7.599040e+14, 9.317589e+14, 9.101200e+14, 8.534666e+14, 6.863319e+14, 8.971042e+14, 8.013357e+14, 7.260091e+14
0.0386, 7.714567e+14, 8.139933e+14, 7.398252e+14, 9.077623e+14, 6.620445e+14, 8.222192e+14, 6.739561e+14, 7.609853e+14, 9.332149e+14, 9.115257e+14, 8.547389e+14, 6.872113e+14, 8.985366e+14, 8.025844e+14, 7.270252e+14
0.0387, 7.725920e+14, 8.151729e+14, 7.408896e+14, 9.091620e+14, 6.628765e+14, 8.234137e+14, 6.748374e+14, 7.620666e+14, 9.346707e+14, 9.129311e+14, 8.560111e+14, 6.880908e+14, 8.999689e+14, 8.038333e+14, 7.280413e+14
0.0388, 7.737274e+14, 8.163525e+14, 7.419542e+14, 9.105614e+14, 6.637086e+14, 8.246080e+14, 6.757188e+14, 7.631480e+14, 9.361263e+14, 9.143363e+14, 8.572831e+14, 6.889705e+14, 9.014009e+14, 8.050823e+14, 7.290577e+14
0.0389, 7.748629e+14, 8.175321e+14, 7.430189e+14, 9.119608e+14, 6.645409e+14, 8.258021e+14, 6.766003e+14, 7.642293e+14, 9.375817e+14, 9.157413e+14, 8.585550e+14, 6.898503e+14, 9.028327e+14, 8.063314e+14, 7.300742e+14
0.039, 7.759985e+14, 8.187116e+14, 7.440837e+14, 9.133599e+14, 6.653733e+14, 8.269960e+14, 6.774820e+14, 7.653107e+14, 9.390369e+14, 9.171461e+14, 8.598268e+14, 6.907302e+14, 9.042643e+14, 8.075806e+14, 7.310908e+14
0.0391, 7.771341e+14, 8.198911e+14, 7.451487e+14, 9.147589e+14, 6.662059e+14, 8.281898e+14, 6.783638e+14, 7.663921e+14, 9.404919e+14, 9.185508e+14, 8.610984e+14, 6.916103e+14, 9.056957e+14, 8.088300e+14, 7.321076e+14
0.0392, 7.782699e+14, 8.210706e+14, 7.462137e+14, 9.161578e+14, 6.670386e+14, 8.293833e+14, 6.792457e+14, 7.674735e+14, 9.419466e+14, 9.199552e+14, 8.623699e+14, 6.924905e+14, 9.071269e+14, 8.100794e+14, 7.331245e+14
0.0393, 7.794058e+14, 8.222500e+14, 7.472789e+14, 9.175565e+14, 6.678714e+14, 8.305766e+14, 6.801277e+14, 7.685549e+14, 9.434012e+14, 9.213594e+14, 8.636413e+14, 6.933708e+14, 9.085578e+14, 8.113290e+14, 7.341416e+14
0.0394, 7.805418e+14, 8.234294e+14, 7.483442e+14, 9.189551e+14, 6.687044e+14, 8.317698e+14, 6.810098e+14, 7.696363e+14, 9.448556e+14, 9.227635e+14, 8.649125e+14, 6.942513e+14, 9.099885e+14, 8.125787e+14, 7.351588e+14
0.0395, 7.816779e+14, 8.246088e+14, 7.494096e+14, 9.203535e+14, 6.695375e+14, 8.329627e+14, 6.818920e+14, 7.707177e+14, 9.463098e+14, 9.241673e+14, 8.661836e+14, 6.951318e+14, 9.114190e+14, 8.138286e+14, 7.361761e+14
0.0396, 7.828141e+14, 8.257881e+14, 7.504751e+14, 9.217517e+14, 6.703707e+14, 8.341555e+14, 6.827744e+14, 7.717992e+14, 9.477637e+14, 9.255709e+14, 8.674545e+14, 6.960126e+14, 9.128493e+14, 8.150785e+14, 7.371936e+14
0.0397, 7.839503e+14, 8.269674e+14, 7.515407e+14, 9.231498e+14, 6.712041e+14, 8.353480e+14, 6.836568e+14, 7.728806e+14, 9.492175e+14, 9.269743e+14, 8.687253e+14, 6.968934e+14, 9.142794e+14, 8.163285e+14, 7.382113e+14
0.0398, 7.850867e+14, 8.281466e+14, 7.526064e+14, 9.245478e+14, 6.720376e+14, 8.365403e+14, 6.845394e+14, 7.739620e+14, 9.506710e+14, 9.283775e+14, 8.699960e+14, 6.977744e+14, 9.157092e+14, 8.175786e+14, 7.392290e+14
0.0399, 7.862231e+14, 8.293258e+14, 7.536722e+14, 9.259455e+14, 6.728713e+14, 8.377325e+14, 6.854220e+14, 7.750435e+14, 9.521243e+14, 9.297805e+14, 8.712665e+14, 6.986555e+14, 9.171388e+14, 8.188289e+14, 7.402469e+14
0.04, 7.873596e+14, 8.305050e+14, 7.547381e+14, 9.273431e+14, 6.737050e+14, 8.389244e+14, 6.863048e+14, 7.761249e+14, 9.535774e+14, 9.311833e+14, 8.725369e+14, 6.995367e+14, 9.185681e+14, 8.200792e+14, 7.412649e+14
0.0401, 7.884963e+14, 8.316841e+14, 7.558041e+14, 9.287406e+14, 6.745389e+14, 8.401161e+14, 6.871877e+14, 7.772063e+14, 9.550303e+14, 9.325859e+14, 8.738071e+14, 7.004180e+14, 9.199973e+14, 8.213296e+14, 7.422830e+14
0.0402, 7.896330e+14, 8.328631e+14, 7.568702e+14, 9.301379e+14, 6.753730e+14, 8.413076e+14, 6.880706e+14, 7.782877e+14, 9.564830e+14, 9.339882e+14, 8.750772e+14, 7.012994e+14, 9.214261e+14, 8.225801e+14, 7.433013e+14
0.0403, 7.907697e+14, 8.340421e+14, 7.579364e+14, 9.315350e+14, 6.762071e+14, 8.424989e+14, 6.889537e+14, 7.793691e+14, 9.579355e+14, 9.353904e+14, 8.763471e+14, 7.021810e+14, 9.228548e+14, 8.238307e+14, 7.443197e+14
0.0404, 7.919066e+14, 8.352211e+14, 7.590027e+14, 9.329320e+14, 6.770414e+14, 8.436900e+14, 6.898369e+14, 7.804506e+14, 9.593877e+14, 9.367923e+14, 8.776168e+14, 7.030627e+14, 9.242832e+14, 8.250814e+14, 7.453382e+14
0.0405, 7.930435e+14, 8.364000e+14, 7.600691e+14, 9.343288e+14, 6.778757e+14, 8.448809e+14, 6.907201e+14, 7.815319e+14, 9.608398e+14, 9.381941e+14, 8.788865e+14, 7.039445e+14, 9.257114e+14, 8.263322e+14, 7.463568e+14
0.0406, 7.941805e+14, 8.375788e+14, 7.611356e+14, 9.357254e+14, 6.787102e+14, 8.460715e+14, 6.916035e+14, 7.826133e+14, 9.622916e+14, 9.395956e+14, 8.801559e+14, 7.048264e+14, 9.271393e+14, 8.275831e+14, 7.473755e+14
0.0407, 7.953176e+14, 8.387576e+14, 7.622021e+14, 9.371218e+14, 6.795449e+14, 8.472620e+14, 6.924870e+14, 7.836947e+14, 9.637432e+14, 9.409969e+14, 8.814252e+14, 7.057084e+14, 9.285670e+14, 8.288341e+14, 7.483944e+14
0.0408, 7.964547e+14, 8.399363e+14, 7.632688e+14, 9.385181e+14, 6.803796e+14, 8.484522e+14, 6.933705e+14, 7.847760e+14, 9.651946e+14, 9.423980e+14, 8.826944e+14, 7.065906e+14, 9.299944e+14, 8.300851e+14, 7.494134e+14
0.0409, 7.975920e+14, 8.411150e+14, 7.643355e+14, 9.399142e+14, 6.812144e+14, 8.496422e+14, 6.942541e+14, 7.858574e+14, 9.666457e+14, 9.437988e+14, 8.839634e+14, 7.074728e+14, 9.314216e+14, 8.313362e+14, 7.504324e+14
0.041, 7.987292e+14, 8.422936e+14, 7.654023e+14, 9.413102e+14, 6.820494e+14, 8.508320e+14, 6.951378e+14, 7.869387e+14, 9.680967e+14, 9.451995e+14, 8.852322e+14, 7.083552e+14, 9.328485e+14, 8.325874e+14, 7.514516e+14
0.0411, 7.998666e+14, 8.434722e+14, 7.664692e+14, 9.427060e+14, 6.828845e+14, 8.520216e+14, 6.960216e+14, 7.880200e+14, 9.695474e+14, 9.465999e+14, 8.865008e+14, 7.092377e+14, 9.342752e+14, 8.338387e+14, 7.524709e+14
0.0412, 8.010040e+14, 8.446507e+14, 7.675362e+14, 9.441016e+14, 6.837196e+14, 8.532109e+14, 6.969055e+14, 7.891012e+14, 9.709979e+14, 9.480001e+14, 8.877694e+14, 7.101203e+14, 9.357017e+14, 8.350900e+14, 7.534903e+14
0.0413, 8.021415e+14, 8.458291e+14, 7.686032e+14, 9.454970e+14, 6.845549e+14, 8.544001e+14, 6.977895e+14, 7.901825e+14, 9.724482e+14, 9.494001e+14, 8.890377e+14, 7.110029e+14, 9.371278e+14, 8.363414e+14, 7.545098e+14
0.0414, 8.032790e+14, 8.470075e+14, 7.696703e+14, 9.468922e+14, 6.853903e+14, 8.555890e+14, 6.986735e+14, 7.912637e+14, 9.738982e+14, 9.507998e+14, 8.903059e+14, 7.118857e+14, 9.385538e+14, 8.375929e+14, 7.555294e+14
0.0415, 8.044167e+14, 8.481858e+14, 7.707375e+14, 9.482873e+14, 6.862258e+14, 8.567777e+14, 6.995577e+14, 7.923449e+14, 9.753480e+14, 9.521994e+14, 8.915739e+14, 7.127686e+14, 9.399794e+14, 8.388444e+14, 7.565491e+14
0.0416, 8.055543e+14, 8.493640e+14, 7.718048e+14, 9.496822e+14, 6.870614e+14, 8.579661e+14, 7.004419e+14, 7.934260e+14, 9.767976e+14, 9.535987e+14, 8.928417e+14, 7.136516e+14, 9.414048e+14, 8.400960e+14, 7.575689e+14
0.0417, 8.066920e+14, 8.505422e+14, 7.728721e+14, 9.510769e+14, 6.878971e+14, 8.591543e+14, 7.013262e+14, 7.945072e+14, 9.782470e+14, 9.549977e+14, 8.941094e+14, 7.145347e+14, 9.428300e+14, 8.413476e+14, 7.585888e+14
0.0418, 8.078298e+14, 8.517203e+14, 7.739395e+14, 9.524715e+14, 6.887329e+14, 8.603424e+14, 7.022105e+14, 7.955883e+14, 9.796962e+14, 9.563966e+14, 8.953769e+14, 7.154179e+14, 9.442549e+14, 8.425994e+14, 7.596088e+14
0.0419, 8.089676e+14, 8.528984e+14, 7.750070e+14, 9.538658e+14, 6.895688e+14, 8.615301e+14, 7.030950e+14, 7.966693e+14, 9.811451e+14, 9.577952e+14, 8.966443e+14, 7.163012e+14, 9.456795e+14, 8.438511e+14, 7.606288e+14
0.042, 8.101055e+14, 8.540763e+14, 7.760745e+14, 9.552600e+14, 6.904047e+14, 8.627177e+14, 7.039795e+14, 7.977503e+14, 9.825938e+14, 9.591936e+14, 8.979114e+14, 7.171846e+14, 9.471039e+14, 8.451030e+14, 7.616490e+14
0.0421, 8.112434e+14, 8.552542e+14, 7.771421e+14, 9.566540e+14, 6.912408e+14, 8.639050e+14, 7.048640e+14, 7.988313e+14, 9.840422e+14, 9.605918e+14, 8.991784e+14, 7.180681e+14, 9.485280e+14, 8.463548e+14, 7.626692e+14
0.0422, 8.123814e+14, 8.564320e+14, 7.782098e+14, 9.580478e+14, 6.920770e+14, 8.650921e+14, 7.057487e+14, 7.999123e+14, 9.854905e+14, 9.619897e+14, 9.004452e+14, 7.189517e+14, 9.499518e+14, 8.476068e+14, 7.636896e+14
0.0423, 8.135195e+14, 8.576098e+14, 7.792775e+14, 9.594414e+14, 6.929133e+14, 8.662789e+14, 7.066334e+14, 8.009932e+14, 9.869385e+14, 9.633874e+14, 9.017119e+14, 7.198353e+14, 9.513753e+14, 8.488587e+14, 7.647100e+14
0.0424, 8.146575e+14, 8.587874e+14, 7.803453e+14, 9.608348e+14, 6.937496e+14, 8.674655e+14, 7.075181e+14, 8.020740e+14, 9.883863e+14, 9.647848e+14, 9.029783e+14, 7.207191e+14, 9.527986e+14, 8.501108e+14, 7.657305e+14
0.0425, 8.157956e+14, 8.599650e+14, 7.814131e+14, 9.622281e+14, 6.945861e+14, 8.686519e+14, 7.084030e+14, 8.031549e+14, 9.898338e+14, 9.661821e+14, 9.042446e+14, 7.216030e+14, 9.542216e+14, 8.513628e+14, 7.667511e+14
0.0426, 8.169338e+14, 8.611425e+14, 7.824810e+14, 9.636211e+14, 6.954226e+14, 8.698381e+14, 7.092879e+14, 8.042356e+14, 9.912811e+14, 9.675791e+14, 9.055107e+14, 7.224869e+14, 9.556444e+14, 8.526149e+14, 7.677717e+14
0.0427, 8.180720e+14, 8.623200e+14, 7.835489e+14, 9.650140e+14, 6.962592e+14, 8.710240e+14, 7.101728e+14, 8.053164e+14, 9.927282e+14, 9.689758e+14, 9.067766e+14, 7.233710e+14, 9.570668e+14, 8.538671e+14, 7.687925e+14
0.0428, 8.192102e+14, 8.634973e+14, 7.846169e+14, 9.664067e+14, 6.970959e+14, 8.722096e+14, 7.110579e+14, 8.063970e+14, 9.941750e+14, 9.703723e+14, 9.080424e+14, 7.242551e+14, 9.584890e+14, 8.551193e+14, 7.698133e+14
0.0429, 8.203485e+14, 8.646746e+14, 7.856849e+14, 9.677991e+14, 6.979327e+14, 8.733951e+14, 7.119429e+14, 8.074777e+14, 9.956216e+14, 9.717686e+14, 9.093080e+14, 7.251393e+14, 9.599109e+14, 8.563715e+14, 7.708341e+14
0.043, 8.214868e+14, 8.658517e+14, 7.867530e+14, 9.691914e+14, 6.987696e+14, 8.745802e+14, 7.128281e+14, 8.085583e+14, 9.970680e+14, 9.731646e+14, 9.105733e+14, 7.260236e+14, 9.613325e+14, 8.576237e+14, 7.718551e+14
0.0431, 8.226252e+14, 8.670288e+14, 7.878211e+14, 9.705835e+14, 6.996065e+14, 8.757652e+14, 7.137132e+14, 8.096388e+14, 9.985141e+14, 9.745604e+14, 9.118385e+14, 7.269080e+14, 9.627539e+14, 8.588760e+14, 7.728761e+14
0.0432, 8.237635e+14, 8.682059e+14, 7.888893e+14, 9.719754e+14, 7.004436e+14, 8.769499e+14, 7.145985e+14, 8.107192e+14, 9.999600e+14, 9.759560e+14, 9.131035e+14, 7.277924e+14, 9.641749e+14, 8.601283e+14, 7.738972e+14
0.0433, 8.249019e+14, 8.693828e+14, 7.899575e+14, 9.733671e+14, 7.012807e+14, 8.781343e+14, 7.154838e+14, 8.117997e+14, 1.001406e+15, 9.773513e+14, 9.143683e+14, 7.286770e+14, 9.655957e+14, 8.613806e+14, 7.749184e+14
0.0434, 8.260404e+14, 8.705596e+14, 7.910258e+14, 9.747587e+14, 7.021178e+14, 8.793185e+14, 7.163691e+14, 8.128800e+14, 1.002851e+15, 9.787463e+14, 9.156330e+14, 7.295616e+14, 9.670162e+14, 8.626330e+14, 7.759396e+14
0.0435, 8.271788e+14, 8.717364e+14, 7.920941e+14, 9.761500e+14, 7.029551e+14, 8.805025e+14, 7.172545e+14, 8.139603e+14, 1.004296e+15, 9.801411e+14, 9.168974e+14, 7.304463e+14, 9.684364e+14, 8.638854e+14, 7.769608e+14
0.0436, 8.283173e+14, 8.729130e+14, 7.931624e+14, 9.775411e+14, 7.037924e+14, 8.816862e+14, 7.181399e+14, 8.150405e+14, 1.005741e+15, 9.815357e+14, 9.181616e+14, 7.313311e+14, 9.698563e+14, 8.651378e+14, 7.779822e+14
0.0437, 8.294558e+14, 8.740896e+14, 7.942308e+14, 9.789320e+14, 7.046298e+14, 8.828697e+14, 7.190254e+14, 8.161207e+14, 1.007186e+15, 9.829300e+14, 9.194257e+14, 7.322160e+14, 9.712759e+14, 8.663902e+14, 7.790036e+14
0.0438, 8.305944e+14, 8.752660e+14, 7.952992e+14, 9.803227e+14, 7.054673e+14, 8.840529e+14, 7.199109e+14, 8.172008e+14, 1.008630e+15, 9.843241e+14, 9.206896e+14, 7.331009e+14, 9.726952e+14, 8.676426e+14, 7.800250e+14
0.0439, 8.317329e+14, 8.764424e+14, 7.963676e+14, 9.817132e+14, 7.063048e+14, 8.852359e+14, 7.207965e+14, 8.182808e+14, 1.010074e+15, 9.857179e+14, 9.219532e+14, 7.339860e+14, 9.741143e+14, 8.688951e+14, 7.810465e+14
0.044, 8.328715e+14, 8.776187e+14, 7.974360e+14, 9.831035e+14, 7.071424e+14, 8.864186e+14, 7.216821e+14, 8.193608e+14, 1.011518e+15, 9.871115e+14, 9.232167e+14, 7.348710e+14, 9.755330e+14, 8.701475e+14, 7.820681e+14
0.0441, 8.340101e+14, 8.787949e+14, 7.985045e+14, 9.844936e+14, 7.079801e+14, 8.876010e+14, 7.225678e+14, 8.204407e+14, 1.012962e+15, 9.885048e+14, 9.244800e+14, 7.357562e+14, 9.769514e+14, 8.714000e+14, 7.830897e+14
0.0442, 8.351487e+14, 8.799710e+14, 7.995730e+14, 9.858835e+14, 7.088178e+14, 8.887832e+14, 7.234535e+14, 8.215205e+14, 1.014406e+15, 9.898979e+14, 9.257430e+14, 7.366414e+14, 9.783696e+14, 8.726525e+14, 7.841114e+14
0.0443, 8.362874e+14, 8.811469e+14, 8.006416e+14, 9.872732e+14, 7.096556e+14, 8.899652e+14, 7.243392e+14, 8.226003e+14, 1.015849e+15, 9.912907e+14, 9.270059e+14, 7.375267e+14, 9.797874e+14, 8.739050e+14, 7.851331e+14
0.0444, 8.374260e+14, 8.823228e+14, 8.017101e+14, 9.886627e+14, 7.104935e+14, 8.911469e+14, 7.252249e+14, 8.236800e+14, 1.017292e+15, 9.926832e+14, 9.282686e+14, 7.384121e+14, 9.812050e+14, 8.751575e+14, 7.861548e+14
0.0445, 8.385646e+14, 8.834986e+14, 8.027787e+14, 9.900520e+14, 7.113314e+14, 8.923283e+14, 7.261107e+14, 8.247596e+14, 1.018734e+15, 9.940755e+14, 9.295310e+14, 7.392976e+14, 9.826222e+14, 8.764099e+14, 7.871766e+14
0.0446, 8.397033e+14, 8.846743e+14, 8.038473e+14, 9.914410e+14, 7.121694e+14, 8.935095e+14, 7.269966e+14, 8.258391e+14, 1.020177e+15, 9.954676e+14, 9.307933e+14, 7.401831e+14, 9.840391e+14, 8.776624e+14, 7.881984e+14
0.0447, 8.408420e+14, 8.858499e+14, 8.049160e+14, 9.928299e+14, 7.130074e+14, 8.946904e+14, 7.278824e+14, 8.269186e+14, 1.021619e+15, 9.968594e+14, 9.320553e+14, 7.410687e+14, 9.854557e+14, 8.789149e+14, 7.892203e+14
0.0448, 8.419807e+14, 8.870253e+14, 8.059846e+14, 9.942186e+14, 7.138455e+14, 8.958710e+14, 7.287683e+14, 8.279980e+14, 1.023061e+15, 9.982509e+14, 9.333172e+14, 7.419543e+14, 9.868720e+14, 8.801674e+14, 7.902422e+14
0.0449, 8.431194e+14, 8.882007e+14, 8.070533e+14, 9.956070e+14, 7.146837e+14, 8.970514e+14, 7.296542e+14, 8.290773e+14, 1.024503e+15, 9.996421e+14, 9.345788e+14, 7.428400e+14, 9.882881e+14, 8.814199e+14, 7.912642e+14
0.045, 8.442580e+14, 8.893759e+14, 8.081219e+14, 9.969952e+14, 7.155219e+14, 8.982316e+14, 7.305402e+14, 8.301565e+14, 1.025944e+15, 1.001033e+15, 9.358403e+14, 7.437258e+14, 9.897037e+14, 8.826724e+14, 7.922862e+14
0.0451, 8.453967e+14, 8.905511e+14, 8.091906e+14, 9.983832e+14, 7.163602e+14, 8.994114e+14, 7.314261e+14, 8.312356e+14, 1.027385e+15, 1.002424e+15, 9.371015e+14, 7.446116e+14, 9.911191e+14, 8.839248e+14, 7.933082e+14
0.0452, 8.465354e+14, 8.917261e+14, 8.102593e+14, 9.997710e+14, 7.171985e+14, 9.005910e+14, 7.323121e+14, 8.323147e+14, 1.028826e+15, 1.003814e+15, 9.383625e+14, 7.454975e+14, 9.925342e+14, 8.851773e+14, 7.943303e+14
0.0453, 8.476741e+14, 8.929010e+14, 8.113280e+14, 1.001159e+15, 7.180368e+14, 9.017703e+14, 7.331982e+14, 8.333936e+14, 1.030267e+15, 1.005205e+15, 9.396233e+14, 7.463834e+14, 9.939489e+14, 8.864297e+14, 7.953523e+14
0.0454, 8.488128e+14, 8.940759e+14, 8.123967e+14, 1.002546e+15, 7.188752e+14, 9.029494e+14, 7.340842e+14, 8.344725e+14, 1.031708e+15, 1.006595e+15, 9.408839e+14, 7.472694e+14, 9.953634e+14, 8.876821e+14, 7.963745e+14
0.0455, 8.499515e+14, 8.952506e+14, 8.134655e+14, 1.003933e+15, 7.197137e+14, 9.041282e+14, 7.349703e+14, 8.355513e+14, 1.033148e+15, 1.007984e+15, 9.421443e+14, 7.481555e+14, 9.967775e+14, 8.889345e+14, 7.973966e+14
0.0456, 8.510902e+14, 8.964251e+14, 8.145342e+14, 1.005320e+15, 7.205522e+14, 9.053067e+14, 7.358563e+14, 8.366300e+14, 1.034588e+15, 1.009374e+15, 9.434044e+14, 7.490416e+14, 9.981913e+14, 8.901869e+14, 7.984188e+14
0.0457, 8.522289e+14, 8.975996e+14, 8.156029e+14, 1.006707e+15, 7.213907e+14, 9.064850e+14, 7.367424e+14, 8.377086e+14, 1.036027e+15, 1.010763e+15, 9.446644e+14, 7.499278e+14, 9.996048e+14, 8.914393e+14, 7.994410e+14
0.0458, 8.533676e+14, 8.987740e+14, 8.166716e+14, 1.008093e+15, 7.222293e+14, 9.076630e+14, 7.376285e+14, 8.387871e+14, 1.037467e+15, 1.012152e+15, 9.459241e+14, 7.508140e+14, 1.001018e+15, 8.926916e+14, 8.004632e+14
0.0459, 8.545062e+14, 8.999482e+14, 8.177404e+14, 1.009479e+15, 7.230679e+14, 9.088407e+14, 7.385147e+14, 8.398655e+14, 1.038906e+15, 1.013540e+15, 9.471836e+14, 7.517003e+14, 1.002431e+15, 8.939439e+14, 8.014854e+14
0.046, 8.556449e+14, 9.011223e+14, 8.188091e+14, 1.010865e+15, 7.239066e+14, 9.100181e+14, 7.394008e+14, 8.409438e+14, 1.040345e+15, 1.014929e+15, 9.484429e+14, 7.525866e+14, 1.003843e+15, 8.951962e+14, 8.025077e+14
0.0461, 8.567835e+14, 9.022963e+14, 8.198778e+14, 1.012251e+15, 7.247453e+14, 9.111953e+14, 7.402870e+14, 8.420220e+14, 1.041783e+15, 1.016317e+15, 9.497019e+14, 7.534730e+14, 1.005255e+15, 8.964485e+14, 8.035299e+14
0.0462, 8.579222e+14, 9.034702e+14, 8.209466e+14, 1.013637e+15, 7.255840e+14, 9.123722e+14, 7.411731e+14, 8.431002e+14, 1.043222e+15, 1.017704e+15, 9.509608e+14, 7.543595e+14, 1.006667e+15, 8.977007e+14, 8.045522e+14
0.0463, 8.590608e+14, 9.046439e+14, 8.220153e+14, 1.015022e+15, 7.264228e+14, 9.135488e+14, 7.420593e+14, 8.441782e+14, 1.044660e+15, 1.019092e+15, 9.522194e+14, 7.552460e+14, 1.008079e+15, 8.989529e+14, 8.055745e+14
0.0464, 8.601994e+14, 9.058176e+14, 8.230840e+14, 1.016407e+15, 7.272616e+14, 9.147251e+14, 7.429455e+14, 8.452561e+14, 1.046098e+15, 1.020479e+15, 9.534778e+14, 7.561325e+14, 1.009490e+15, 9.002051e+14, 8.065968e+14
0.0465, 8.613379e+14, 9.069911e+14, 8.241527e+14, 1.017792e+15, 7.281005e+14, 9.159012e+14, 7.438317e+14, 8.463339e+14, 1.047535e+15, 1.021866e+15, 9.547359e+14, 7.570191e+14, 1.010901e+15, 9.014572e+14, 8.076191e+14
0.0466, 8.624765e+14, 9.081645e+14, 8.252214e+14, 1.019177e+15, 7.289394e+14, 9.170770e+14, 7.447179e+14, 8.474116e+14, 1.048972e+15, 1.023253e+15, 9.559939e+14, 7.579057e+14, 1.012311e+15, 9.027093e+14, 8.086415e+14
0.0467, 8.636151e+14, 9.093377e+14, 8.262901e+14, 1.020561e+15, 7.297783e+14, 9.182525e+14, 7.456041e+14, 8.484892e+14, 1.050409e+15, 1.024639e+15, 9.572516e+14, 7.587923e+14, 1.013722e+15, 9.039613e+14, 8.096638e+14
0.0468, 8.647536e+14, 9.105108e+14, 8.273587e+14, 1.021946e+15, 7.306172e+14, 9.194277e+14, 7.464903e+14, 8.495667e+14, 1.051846e+15, 1.026025e+15, 9.585091e+14, 7.596791e+14, 1.015132e+15, 9.052133e+14, 8.106862e+14
0.0469, 8.658921e+14, 9.116838e+14, 8.284274e+14, 1.023330e+15, 7.314562e+14, 9.206026e+14, 7.473765e+14, 8.506441e+14, 1.053283e+15, 1.027411e+15, 9.597663e+14, 7.605658e+14, 1.016541e+15, 9.064653e+14, 8.117085e+14
0.047, 8.670305e+14, 9.128567e+14, 8.294960e+14, 1.024713e+15, 7.322952e+14, 9.217772e+14, 7.482627e+14, 8.517214e+14, 1.054719e+15, 1.028797e+15, 9.610233e+14, 7.614526e+14, 1.017950e+15, 9.077172e+14, 8.127309e+14
0.0471, 8.681690e+14, 9.140294e+14, 8.305647e+14, 1.026097e+15, 7.331343e+14, 9.229516e+14, 7.491489e+14, 8.527985e+14, 1.056155e+15, 1.030182e+15, 9.622801e+14, 7.623394e+14, 1.019359e+15, 9.089691e+14, 8.137532e+14
0.0472, 8.693074e+14, 9.152020e+14, 8.316333e+14, 1.027480e+15, 7.339733e+14, 9.241257e+14, 7.500351e+14, 8.538756e+14, 1.057591e+15, 1.031567e+15, 9.635367e+14, 7.632263e+14, 1.020768e+15, 9.102209e+14, 8.147756e+14
0.0473, 8.704458e+14, 9.163745e+14, 8.327018e+14, 1.028863e+15, 7.348124e+14, 9.252995e+14, 7.509213e+14, 8.549525e+14, 1.059026e+15, 1.032952e+15, 9.647930e+14, 7.641132e+14, 1.022176e+15, 9.114727e+14, 8.157979e+14
0.0474, 8.715842e+14, 9.175468e+14, 8.337704e+14, 1.030246e+15, 7.356515e+14, 9.264730e+14, 7.518075e+14, 8.560294e+14, 1.060461e+15, 1.034336e+15, 9.660491e+14, 7.650002e+14, 1.023584e+15, 9.127244e+14, 8.168202e+14
0.0475, 8.727225e+14, 9.187190e+14, 8.348389e+14, 1.031628e+15, 7.364906e+14, 9.276462e+14, 7.526937e+14, 8.571061e+14, 1.061896e+15, 1.035720e+15, 9.673049e+14, 7.658871e+14, 1.024991e+15, 9.139761e+14, 8.178426e+14
0.0476, 8.738608e+14, 9.198911e+14, 8.359074e+14, 1.033011e+15, 7.373298e+14, 9.288191e+14, 7.535799e+14, 8.581827e+14, 1.063331e+15, 1.037104e+15, 9.685605e+14, 7.667741e+14, 1.026398e+15, 9.152277e+14, 8.188649e+14
0.0477, 8.749990e+14, 9.210630e+14, 8.369759e+14, 1.034393e+15, 7.381689e+14, 9.299918e+14, 7.544660e+14, 8.592591e+14, 1.064765e+15, 1.038488e+15, 9.698159e+14, 7.676612e+14, 1.027805e+15, 9.164792e+14, 8.198872e+14
0.0478, 8.761373e+14, 9.222348e+14, 8.380444e+14, 1.035775e+15, 7.390081e+14, 9.311641e+14, 7.553522e+14, 8.603355e+14, 1.066199e+15, 1.039871e+15, 9.710710e+14, 7.685483e+14, 1.029211e+15, 9.177307e+14, 8.209096e+14
0.0479, 8.772754e+14, 9.234065e+14, 8.391128e+14, 1.037156e+15, 7.398473e+14, 9.323362e+14, 7.562384e+14, 8.614117e+14, 1.067633e+15, 1.041254e+15, 9.723259e+14, 7.694354e+14, 1.030617e+15, 9.189821e+14, 8.219319e+14
0.048, 8.784136e+14, 9.245780e+14, 8.401812e+14, 1.038538e+15, 7.406865e+14, 9.335079e+14, 7.571245e+14, 8.624878e+14, 1.069066e+15, 1.042637e+15, 9.735805e+14, 7.703225e+14, 1.032023e+15, 9.202335e+14, 8.229542e+14
0.0481, 8.795517e+14, 9.257493e+14, 8.412496e+14, 1.039919e+15, 7.415258e+14, 9.346794e+14, 7.580106e+14, 8.635638e+14, 1.070499e+15, 1.044019e+15, 9.748349e+14, 7.712097e+14, 1.033429e+15, 9.214848e+14, 8.239764e+14
0.0482, 8.806898e+14, 9.269206e+14, 8.423179e+14, 1.041300e+15, 7.423650e+14, 9.358505e+14, 7.588967e+14, 8.646396e+14, 1.071932e+15, 1.045401e+15, 9.760890e+14, 7.720969e+14, 1.034834e+15, 9.227360e+14, 8.249987e+14
0.0483, 8.818278e+14, 9.280916e+14, 8.433862e+14, 1.042680e+15, 7.432043e+14, 9.370214e+14, 7.597828e+14, 8.657154e+14, 1.073365e+15, 1.046783e+15, 9.773429e+14, 7.729841e+14, 1.036238e+15, 9.239872e+14, 8.260209e+14
0.0484, 8.829657e+14, 9.292626e+14, 8.444545e+14, 1.044061e+15, 7.440435e+14, 9.381920e+14, 7.606689e+14, 8.667910e+14, 1.074797e+15, 1.048165e+15, 9.785966e+14, 7.738714e+14, 1.037642e+15, 9.252383e+14, 8.270432e+14
0.0485, 8.841037e+14, 9.304333e+14, 8.455227e+14, 1.045441e+15, 7.448828e+14, 9.393623e+14, 7.615550e+14, 8.678664e+14, 1.076229e+15, 1.049546e+15, 9.798500e+14, 7.747587e+14, 1.039046e+15, 9.264893e+14, 8.280654e+14
0.0486, 8.852416e+14, 9.316040e+14, 8.465909e+14, 1.046821e+15, 7.457221e+14, 9.405322e+14, 7.624410e+14, 8.689418e+14, 1.077661e+15, 1.050927e+15, 9.811032e+14, 7.756460e+14, 1.040450e+15, 9.277402e+14, 8.290875e+14
0.0487, 8.863794e+14, 9.327745e+14, 8.476590e+14, 1.048200e+15, 7.465614e+14, 9.417019e+14, 7.633271e+14, 8.700170e+14, 1.079093e+15, 1.052308e+15, 9.823561e+14, 7.765333e+14, 1.041853e+15, 9.289911e+14, 8.301097e+14
0.0488, 8.875172e+14, 9.339448e+14, 8.487271e+14, 1.049580e+15, 7.474007e+14, 9.428713e+14, 7.642131e+14, 8.710920e+14, 1.080524e+15, 1.053688e+15, 9.836087e+14, 7.774207e+14, 1.043256e+15, 9.302419e+14, 8.311318e+14
0.0489, 8.886549e+14, 9.351150e+14, 8.497952e+14, 1.050959e+15, 7.482400e+14, 9.440404e+14, 7.650990e+14, 8.721670e+14, 1.081955e+15, 1.055068e+15, 9.848611e+14, 7.783081e+14, 1.044659e+15, 9.314926e+14, 8.321539e+14
0.049, 8.897926e+14, 9.362850e+14, 8.508632e+14, 1.052338e+15, 7.490793e+14, 9.452091e+14, 7.659850e+14, 8.732418e+14, 1.083385e+15, 1.056448e+15, 9.861133e+14, 7.791955e+14, 1.046061e+15, 9.327432e+14, 8.331760e+14
0.0491, 8.909302e+14, 9.374549e+14, 8.519312e+14, 1.053716e+15, 7.499186e+14, 9.463776e+14, 7.668709e+14, 8.743165e+14, 1.084816e+15, 1.057827e+15, 9.873651e+14, 7.800829e+14, 1.047462e+15, 9.339938e+14, 8.341981e+14
0.0492, 8.920678e+14, 9.386247e+14, 8.529991e+14, 1.055095e+15, 7.507579e+14, 9.475458e+14, 7.677568e+14, 8.753910e+14, 1.086246e+15, 1.059206e+15, 9.886168e+14, 7.809703e+14, 1.048864e+15, 9.352443e+14, 8.352201e+14
0.0493, 8.932053e+14, 9.397942e+14, 8.540670e+14, 1.056473e+15, 7.515972e+14, 9.487136e+14, 7.686427e+14, 8.764654e+14, 1.087676e+15, 1.060585e+15, 9.898682e+14, 7.818578e+14, 1.050265e+15, 9.364946e+14, 8.362421e+14
0.0494, 8.943428e+14, 9.409637e+14, 8.551348e+14, 1.057850e+15, 7.524365e+14, 9.498812e+14, 7.695286e+14, 8.775396e+14, 1.089105e+15, 1.061964e+15, 9.911193e+14, 7.827452e+14, 1.051666e+15, 9.377449e+14, 8.372640e+14
0.0495, 8.954802e+14, 9.421329e+14, 8.562026e+14, 1.059228e+15, 7.532759e+14, 9.510484e+14, 7.704144e+14, 8.786137e+14, 1.090534e+15, 1.063342e+15, 9.923701e+14, 7.836327e+14, 1.053066e+15, 9.389951e+14, 8.382859e+14
0.0496, 8.966175e+14, 9.433020e+14, 8.572703e+14, 1.060605e+15, 7.541152e+14, 9.522154e+14, 7.713002e+14, 8.796877e+14, 1.091963e+15, 1.064720e+15, 9.936207e+14, 7.845202e+14, 1.054466e+15, 9.402453e+14, 8.393078e+14
0.0497, 8.977548e+14, 9.444710e+14, 8.583380e+14, 1.061982e+15, 7.549545e+14, 9.533820e+14, 7.721859e+14, 8.807615e+14, 1.093392e+15, 1.066097e+15, 9.948711e+14, 7.854077e+14, 1.055865e+15, 9.414953e+14, 8.403297e+14
0.0498, 8.988920e+14, 9.456398e+14, 8.594056e+14, 1.063359e+15, 7.557938e+14, 9.545483e+14, 7.730717e+14, 8.818352e+14, 1.094820e+15, 1.067475e+15, 9.961211e+14, 7.862952e+14, 1.057264e+15, 9.427452e+14, 8.413515e+14
0.0499, 9.000292e+14, 9.468084e+14, 8.604731e+14, 1.064736e+15, 7.566331e+14, 9.557143e+14, 7.739573e+14, 8.829087e+14, 1.096248e+15, 1.068852e+15, 9.973709e+14, 7.871828e+14, 1.058663e+15, 9.439950e+14, 8.423732e+14
0.05, 9.011662e+14, 9.479769e+14, 8.615406e+14, 1.066112e+15, 7.574723e+14, 9.568800e+14, 7.748430e+14, 8.839820e+14, 1.097676e+15, 1.070228e+15, 9.986205e+14, 7.880703e+14, 1.060062e+15, 9.452448e+14, 8.433950e+14
